event_id,product_id,product_name,satellite,acquisition_date,instrument_mode,polarization,orbit_direction,relative_orbit,processing_level,pre_or_post,aoi_coverage,temporal_distance_days,source,candidate_status,valid_pixel_percentage
TN_CHENNAI_FLOOD_2015,COPERNICUS/S1_GRD/S1A_IW_GRDH_1SDV_20151019T003131_20151019T003200_008214_00B8EF_82E0,S1A_IW_GRDH_1SDV_20151019T003131_20151019T003200_008214_00B8EF_82E0,Sentinel-1A,2015-10-19,IW,"VV,VH",DESCENDING,92,GRD,PRE,1.0,43,GEE,active,100.0
TN_CHENNAI_FLOOD_2015,COPERNICUS/S1_GRD/S1A_IW_GRDH_1SDV_20151031T003131_20151031T003200_008389_00BD95_33F3,S1A_IW_GRDH_1SDV_20151031T003131_20151031T003200_008389_00BD95_33F3,Sentinel-1A,2015-10-31,IW,"VV,VH",DESCENDING,92,GRD,PRE,1.0,31,GEE,active,100.0
TN_CHENNAI_FLOOD_2015,COPERNICUS/S1_GRD/S1A_IW_GRDH_1SDV_20151206T003120_20151206T003149_008914_00CC1F_BEF9,S1A_IW_GRDH_1SDV_20151206T003120_20151206T003149_008914_00CC1F_BEF9,Sentinel-1A,2015-12-06,IW,"VV,VH",DESCENDING,92,GRD,POST,1.0,5,GEE,active,100.0
TN_CHENNAI_FLOOD_2015,COPERNICUS/S1_GRD/S1A_IW_GRDH_1SDV_20151218T003119_20151218T003148_009089_00D0E6_767A,S1A_IW_GRDH_1SDV_20151218T003119_20151218T003148_009089_00D0E6_767A,Sentinel-1A,2015-12-18,IW,"VV,VH",DESCENDING,92,GRD,POST,1.0,17,GEE,active,100.0
TN_VARDAH_2016,COPERNICUS/S1_GRD/S1A_IW_GRDH_1SDV_20161106T003136_20161106T003201_013814_016338_E8C4,S1A_IW_GRDH_1SDV_20161106T003136_20161106T003201_013814_016338_E8C4,Sentinel-1A,2016-11-06,IW,"VV,VH",DESCENDING,92,GRD,PRE,1.0,36,GEE,active,100.0
TN_VARDAH_2016,COPERNICUS/S1_GRD/S1A_IW_GRDH_1SDV_20161118T003135_20161118T003200_013989_0168A8_ECB7,S1A_IW_GRDH_1SDV_20161118T003135_20161118T003200_013989_0168A8_ECB7,Sentinel-1A,2016-11-18,IW,"VV,VH",DESCENDING,92,GRD,PRE,1.0,24,GEE,active,100.0
TN_VARDAH_2016,COPERNICUS/S1_GRD/S1A_IW_GRDH_1SDV_20161130T003135_20161130T003200_014164_016E0D_675E,S1A_IW_GRDH_1SDV_20161130T003135_20161130T003200_014164_016E0D_675E,Sentinel-1A,2016-11-30,IW,"VV,VH",DESCENDING,92,GRD,PRE,1.0,12,GEE,active,100.0
TN_VARDAH_2016,COPERNICUS/S1_GRD/S1A_IW_GRDH_1SDV_20161224T003134_20161224T003159_014514_017911_CFB4,S1A_IW_GRDH_1SDV_20161224T003134_20161224T003159_014514_017911_CFB4,Sentinel-1A,2016-12-24,IW,"VV,VH",DESCENDING,92,GRD,POST,1.0,12,GEE,active,100.0
TN_VARDAH_2016,COPERNICUS/S1_GRD/S1B_IW_GRDH_1SDV_20161218T003051_20161218T003125_003443_005E20_4C67,S1B_IW_GRDH_1SDV_20161218T003051_20161218T003125_003443_005E20_4C67,Sentinel-1B,2016-12-18,IW,"VV,VH",DESCENDING,92,GRD,POST,1.0,6,GEE,active,100.0
TN_GAJA_2018,COPERNICUS/S1_GRD/S1A_IW_GRDH_1SDV_20181027T003214_20181027T003239_024314_02A963_51CA,S1A_IW_GRDH_1SDV_20181027T003214_20181027T003239_024314_02A963_51CA,Sentinel-1A,2018-10-27,IW,"VV,VH",DESCENDING,92,GRD,PRE,1.0,20,GEE,active,100.0
TN_GAJA_2018,COPERNICUS/S1_GRD/S1A_IW_GRDH_1SDV_20181108T003213_20181108T003238_024489_02AF7A_4E6C,S1A_IW_GRDH_1SDV_20181108T003213_20181108T003238_024489_02AF7A_4E6C,Sentinel-1A,2018-11-08,IW,"VV,VH",DESCENDING,92,GRD,PRE,1.0,8,GEE,active,100.0
TN_GAJA_2018,COPERNICUS/S1_GRD/S1A_IW_GRDH_1SDV_20181120T003213_20181120T003238_024664_02B5ED_EB05,S1A_IW_GRDH_1SDV_20181120T003213_20181120T003238_024664_02B5ED_EB05,Sentinel-1A,2018-11-20,IW,"VV,VH",DESCENDING,92,GRD,POST,1.0,4,GEE,active,100.0
TN_GAJA_2018,COPERNICUS/S1_GRD/S1A_IW_GRDH_1SDV_20181202T003213_20181202T003238_024839_02BC1F_E70B,S1A_IW_GRDH_1SDV_20181202T003213_20181202T003238_024839_02BC1F_E70B,Sentinel-1A,2018-12-02,IW,"VV,VH",DESCENDING,92,GRD,POST,1.0,16,GEE,active,100.0
TN_NIVAR_2020,COPERNICUS/S1_GRD/S1A_IW_GRDH_1SDV_20201028T003207_20201028T003232_034989_0414CB_EE56,S1A_IW_GRDH_1SDV_20201028T003207_20201028T003232_034989_0414CB_EE56,Sentinel-1A,2020-10-28,IW,"VV,VH",DESCENDING,92,GRD,PRE,1.0,29,GEE,active,99.62
TN_NIVAR_2020,COPERNICUS/S1_GRD/S1A_IW_GRDH_1SDV_20201028T003232_20201028T003257_034989_0414CB_E989,S1A_IW_GRDH_1SDV_20201028T003232_20201028T003257_034989_0414CB_E989,Sentinel-1A,2020-10-28,IW,"VV,VH",DESCENDING,92,GRD,PRE,1.0,29,GEE,active,0.36
TN_NIVAR_2020,COPERNICUS/S1_GRD/S1A_IW_GRDH_1SDV_20201109T003207_20201109T003232_035164_041AD2_C278,S1A_IW_GRDH_1SDV_20201109T003207_20201109T003232_035164_041AD2_C278,Sentinel-1A,2020-11-09,IW,"VV,VH",DESCENDING,92,GRD,PRE,1.0,17,GEE,active,99.62
TN_NIVAR_2020,COPERNICUS/S1_GRD/S1A_IW_GRDH_1SDV_20201109T003232_20201109T003257_035164_041AD2_57EE,S1A_IW_GRDH_1SDV_20201109T003232_20201109T003257_035164_041AD2_57EE,Sentinel-1A,2020-11-09,IW,"VV,VH",DESCENDING,92,GRD,PRE,1.0,17,GEE,active,0.36
TN_NIVAR_2020,COPERNICUS/S1_GRD/S1A_IW_GRDH_1SDV_20201121T003206_20201121T003231_035339_0420EC_F580,S1A_IW_GRDH_1SDV_20201121T003206_20201121T003231_035339_0420EC_F580,Sentinel-1A,2020-11-21,IW,"VV,VH",DESCENDING,92,GRD,PRE,1.0,5,GEE,active,99.62
TN_NIVAR_2020,COPERNICUS/S1_GRD/S1A_IW_GRDH_1SDV_20201121T003231_20201121T003256_035339_0420EC_B8DA,S1A_IW_GRDH_1SDV_20201121T003231_20201121T003256_035339_0420EC_B8DA,Sentinel-1A,2020-11-21,IW,"VV,VH",DESCENDING,92,GRD,PRE,1.0,5,GEE,active,0.36
TN_NIVAR_2020,COPERNICUS/S1_GRD/S1A_IW_GRDH_1SDV_20201128T125032_20201128T125057_035449_0424BF_66C7,S1A_IW_GRDH_1SDV_20201128T125032_20201128T125057_035449_0424BF_66C7,Sentinel-1A,2020-11-28,IW,"VV,VH",ASCENDING,27,GRD,POST,1.0,2,GEE,active,84.53
TN_NIVAR_2020,COPERNICUS/S1_GRD/S1A_IW_GRDH_1SDV_20201128T125057_20201128T125122_035449_0424BF_FF8A,S1A_IW_GRDH_1SDV_20201128T125057_20201128T125122_035449_0424BF_FF8A,Sentinel-1A,2020-11-28,IW,"VV,VH",ASCENDING,27,GRD,POST,1.0,2,GEE,active,15.4
TN_NIVAR_2020,COPERNICUS/S1_GRD/S1A_IW_GRDH_1SDV_20201203T003206_20201203T003231_035514_0426F6_0C55,S1A_IW_GRDH_1SDV_20201203T003206_20201203T003231_035514_0426F6_0C55,Sentinel-1A,2020-12-03,IW,"VV,VH",DESCENDING,92,GRD,POST,1.0,7,GEE,active,99.62
TN_NIVAR_2020,COPERNICUS/S1_GRD/S1A_IW_GRDH_1SDV_20201203T003231_20201203T003256_035514_0426F6_F981,S1A_IW_GRDH_1SDV_20201203T003231_20201203T003256_035514_0426F6_F981,Sentinel-1A,2020-12-03,IW,"VV,VH",DESCENDING,92,GRD,POST,1.0,7,GEE,active,0.37
TN_NIVAR_2020,COPERNICUS/S1_GRD/S1A_IW_GRDH_1SDV_20201215T003205_20201215T003230_035689_042CFB_B52A,S1A_IW_GRDH_1SDV_20201215T003205_20201215T003230_035689_042CFB_B52A,Sentinel-1A,2020-12-15,IW,"VV,VH",DESCENDING,92,GRD,POST,1.0,19,GEE,active,99.63
TN_NIVAR_2020,COPERNICUS/S1_GRD/S1A_IW_GRDH_1SDV_20201215T003230_20201215T003255_035689_042CFB_B0D6,S1A_IW_GRDH_1SDV_20201215T003230_20201215T003255_035689_042CFB_B0D6,Sentinel-1A,2020-12-15,IW,"VV,VH",DESCENDING,92,GRD,POST,1.0,19,GEE,active,0.36
TN_NIVAR_2020,COPERNICUS/S1_GRD/S1B_IW_GRDH_1SDV_20201204T125001_20201204T125026_024553_02EB3A_0661,S1B_IW_GRDH_1SDV_20201204T125001_20201204T125026_024553_02EB3A_0661,Sentinel-1B,2020-12-04,IW,"VV,VH",ASCENDING,27,GRD,POST,1.0,8,GEE,active,100.0
TN_NIVAR_2020,COPERNICUS/S1_GRD/S1B_IW_GRDH_1SDV_20201209T003131_20201209T003200_024618_02ED66_86ED,S1B_IW_GRDH_1SDV_20201209T003131_20201209T003200_024618_02ED66_86ED,Sentinel-1B,2020-12-09,IW,"VV,VH",DESCENDING,92,GRD,POST,1.0,13,GEE,active,100.0
TN_MICHAUNG_2023,COPERNICUS/S1_GRD/S1A_IW_GRDH_1SDV_20231106T003202_20231106T003227_051089_06292B_8863,S1A_IW_GRDH_1SDV_20231106T003202_20231106T003227_051089_06292B_8863,Sentinel-1A,2023-11-06,IW,"VV,VH",DESCENDING,92,GRD,PRE,1.0,28,GEE,active,100.0
TN_MICHAUNG_2023,COPERNICUS/S1_GRD/S1A_IW_GRDH_1SDV_20231118T003202_20231118T003227_051264_062F3A_F481,S1A_IW_GRDH_1SDV_20231118T003202_20231118T003227_051264_062F3A_F481,Sentinel-1A,2023-11-18,IW,"VV,VH",DESCENDING,92,GRD,PRE,1.0,16,GEE,active,100.0
TN_MICHAUNG_2023,COPERNICUS/S1_GRD/S1A_IW_GRDH_1SDV_20231130T003201_20231130T003226_051439_06353D_343D,S1A_IW_GRDH_1SDV_20231130T003201_20231130T003226_051439_06353D_343D,Sentinel-1A,2023-11-30,IW,"VV,VH",DESCENDING,92,GRD,PRE,1.0,4,GEE,active,100.0
TN_MICHAUNG_2023,COPERNICUS/S1_GRD/S1A_IW_GRDH_1SDV_20240117T003158_20240117T003223_052139_064D5D_F7B4,S1A_IW_GRDH_1SDV_20240117T003158_20240117T003223_052139_064D5D_F7B4,Sentinel-1A,2024-01-17,IW,"VV,VH",DESCENDING,92,GRD,POST,1.0,44,GEE,active,100.0
TN_MANDOUS_2022,COPERNICUS/S1_GRD/S1A_IW_GRDH_1SDV_20221030T003222_20221030T003247_045664_0575F3_8128,S1A_IW_GRDH_1SDV_20221030T003222_20221030T003247_045664_0575F3_8128,Sentinel-1A,2022-10-30,IW,"VV,VH",DESCENDING,92,GRD,PRE,1.0,40,GEE,active,100.0
TN_MANDOUS_2022,COPERNICUS/S1_GRD/S1A_IW_GRDH_1SDV_20221111T003222_20221111T003247_045839_057BD9_4C36,S1A_IW_GRDH_1SDV_20221111T003222_20221111T003247_045839_057BD9_4C36,Sentinel-1A,2022-11-11,IW,"VV,VH",DESCENDING,92,GRD,PRE,1.0,28,GEE,active,100.0
TN_MANDOUS_2022,COPERNICUS/S1_GRD/S1A_IW_GRDH_1SDV_20221123T003222_20221123T003247_046014_0581C6_581E,S1A_IW_GRDH_1SDV_20221123T003222_20221123T003247_046014_0581C6_581E,Sentinel-1A,2022-11-23,IW,"VV,VH",DESCENDING,92,GRD,PRE,1.0,16,GEE,active,100.0
TN_MANDOUS_2022,COPERNICUS/S1_GRD/S1A_IW_GRDH_1SDV_20221217T003220_20221217T003245_046364_058DB3_A74B,S1A_IW_GRDH_1SDV_20221217T003220_20221217T003245_046364_058DB3_A74B,Sentinel-1A,2022-12-17,IW,"VV,VH",DESCENDING,92,GRD,POST,1.0,8,GEE,active,100.0
TN_MANDOUS_2022,COPERNICUS/S1_GRD/S1A_IW_GRDH_1SDV_20221229T003220_20221229T003245_046539_0593A6_4F97,S1A_IW_GRDH_1SDV_20221229T003220_20221229T003245_046539_0593A6_4F97,Sentinel-1A,2022-12-29,IW,"VV,VH",DESCENDING,92,GRD,POST,1.0,20,GEE,active,100.0
TN_SOUTHERN_FLOOD_2023,COPERNICUS/S1_GRD/S1A_IW_GRDH_1SDV_20231018T004123_20231018T004148_050812_061FC7_8B3F,S1A_IW_GRDH_1SDV_20231018T004123_20231018T004148_050812_061FC7_8B3F,Sentinel-1A,2023-10-18,IW,"VV,VH",DESCENDING,165,GRD,PRE,1.0,60,GEE,active,26.42
TN_SOUTHERN_FLOOD_2023,COPERNICUS/S1_GRD/S1A_IW_GRDH_1SDV_20231018T004148_20231018T004208_050812_061FC7_00B8,S1A_IW_GRDH_1SDV_20231018T004148_20231018T004208_050812_061FC7_00B8,Sentinel-1A,2023-10-18,IW,"VV,VH",DESCENDING,165,GRD,PRE,1.0,60,GEE,active,73.5
TN_SOUTHERN_FLOOD_2023,COPERNICUS/S1_GRD/S1A_IW_GRDH_1SDV_20231025T003317_20231025T003342_050914_06232E_4459,S1A_IW_GRDH_1SDV_20231025T003317_20231025T003342_050914_06232E_4459,Sentinel-1A,2023-10-25,IW,"VV,VH",DESCENDING,92,GRD,PRE,1.0,53,GEE,active,66.5
TN_SOUTHERN_FLOOD_2023,COPERNICUS/S1_GRD/S1A_IW_GRDH_1SDV_20231025T003342_20231025T003401_050914_06232E_3784,S1A_IW_GRDH_1SDV_20231025T003342_20231025T003401_050914_06232E_3784,Sentinel-1A,2023-10-25,IW,"VV,VH",DESCENDING,92,GRD,PRE,1.0,53,GEE,active,33.43
TN_SOUTHERN_FLOOD_2023,COPERNICUS/S1_GRD/S1A_IW_GRDH_1SDV_20231030T004123_20231030T004148_050987_0625B3_051B,S1A_IW_GRDH_1SDV_20231030T004123_20231030T004148_050987_0625B3_051B,Sentinel-1A,2023-10-30,IW,"VV,VH",DESCENDING,165,GRD,PRE,1.0,48,GEE,active,26.38
TN_SOUTHERN_FLOOD_2023,COPERNICUS/S1_GRD/S1A_IW_GRDH_1SDV_20231030T004148_20231030T004208_050987_0625B3_BE3B,S1A_IW_GRDH_1SDV_20231030T004148_20231030T004208_050987_0625B3_BE3B,Sentinel-1A,2023-10-30,IW,"VV,VH",DESCENDING,165,GRD,PRE,1.0,48,GEE,active,73.54
TN_SOUTHERN_FLOOD_2023,COPERNICUS/S1_GRD/S1A_IW_GRDH_1SDV_20231106T003317_20231106T003342_051089_06292B_2E6F,S1A_IW_GRDH_1SDV_20231106T003317_20231106T003342_051089_06292B_2E6F,Sentinel-1A,2023-11-06,IW,"VV,VH",DESCENDING,92,GRD,PRE,1.0,41,GEE,active,66.61
TN_SOUTHERN_FLOOD_2023,COPERNICUS/S1_GRD/S1A_IW_GRDH_1SDV_20231106T003342_20231106T003401_051089_06292B_17EE,S1A_IW_GRDH_1SDV_20231106T003342_20231106T003401_051089_06292B_17EE,Sentinel-1A,2023-11-06,IW,"VV,VH",DESCENDING,92,GRD,PRE,1.0,41,GEE,active,33.32
TN_SOUTHERN_FLOOD_2023,COPERNICUS/S1_GRD/S1A_IW_GRDH_1SDV_20231111T004123_20231111T004148_051162_062BB6_5AC2,S1A_IW_GRDH_1SDV_20231111T004123_20231111T004148_051162_062BB6_5AC2,Sentinel-1A,2023-11-11,IW,"VV,VH",DESCENDING,165,GRD,PRE,1.0,36,GEE,active,26.17
TN_SOUTHERN_FLOOD_2023,COPERNICUS/S1_GRD/S1A_IW_GRDH_1SDV_20231111T004148_20231111T004207_051162_062BB6_FE69,S1A_IW_GRDH_1SDV_20231111T004148_20231111T004207_051162_062BB6_FE69,Sentinel-1A,2023-11-11,IW,"VV,VH",DESCENDING,165,GRD,PRE,1.0,36,GEE,active,73.75
TN_SOUTHERN_FLOOD_2023,COPERNICUS/S1_GRD/S1A_IW_GRDH_1SDV_20231118T003317_20231118T003342_051264_062F3A_A8E8,S1A_IW_GRDH_1SDV_20231118T003317_20231118T003342_051264_062F3A_A8E8,Sentinel-1A,2023-11-18,IW,"VV,VH",DESCENDING,92,GRD,PRE,1.0,29,GEE,active,66.65
TN_SOUTHERN_FLOOD_2023,COPERNICUS/S1_GRD/S1A_IW_GRDH_1SDV_20231118T003342_20231118T003401_051264_062F3A_076D,S1A_IW_GRDH_1SDV_20231118T003342_20231118T003401_051264_062F3A_076D,Sentinel-1A,2023-11-18,IW,"VV,VH",DESCENDING,92,GRD,PRE,1.0,29,GEE,active,33.27
TN_SOUTHERN_FLOOD_2023,COPERNICUS/S1_GRD/S1A_IW_GRDH_1SDV_20231123T004122_20231123T004147_051337_0631C9_22EC,S1A_IW_GRDH_1SDV_20231123T004122_20231123T004147_051337_0631C9_22EC,Sentinel-1A,2023-11-23,IW,"VV,VH",DESCENDING,165,GRD,PRE,1.0,24,GEE,active,26.17
TN_SOUTHERN_FLOOD_2023,COPERNICUS/S1_GRD/S1A_IW_GRDH_1SDV_20231123T004147_20231123T004207_051337_0631C9_A50B,S1A_IW_GRDH_1SDV_20231123T004147_20231123T004207_051337_0631C9_A50B,Sentinel-1A,2023-11-23,IW,"VV,VH",DESCENDING,165,GRD,PRE,1.0,24,GEE,active,73.75
TN_SOUTHERN_FLOOD_2023,COPERNICUS/S1_GRD/S1A_IW_GRDH_1SDV_20231130T003316_20231130T003341_051439_06353D_C5A5,S1A_IW_GRDH_1SDV_20231130T003316_20231130T003341_051439_06353D_C5A5,Sentinel-1A,2023-11-30,IW,"VV,VH",DESCENDING,92,GRD,PRE,1.0,17,GEE,active,66.43
TN_SOUTHERN_FLOOD_2023,COPERNICUS/S1_GRD/S1A_IW_GRDH_1SDV_20231130T003341_20231130T003400_051439_06353D_351E,S1A_IW_GRDH_1SDV_20231130T003341_20231130T003400_051439_06353D_351E,Sentinel-1A,2023-11-30,IW,"VV,VH",DESCENDING,92,GRD,PRE,1.0,17,GEE,active,33.49
TN_SOUTHERN_FLOOD_2023,COPERNICUS/S1_GRD/S1A_IW_GRDH_1SDV_20231205T004122_20231205T004147_051512_0637C8_0902,S1A_IW_GRDH_1SDV_20231205T004122_20231205T004147_051512_0637C8_0902,Sentinel-1A,2023-12-05,IW,"VV,VH",DESCENDING,165,GRD,PRE,1.0,12,GEE,active,26.38
TN_SOUTHERN_FLOOD_2023,COPERNICUS/S1_GRD/S1A_IW_GRDH_1SDV_20231205T004147_20231205T004206_051512_0637C8_59D1,S1A_IW_GRDH_1SDV_20231205T004147_20231205T004206_051512_0637C8_59D1,Sentinel-1A,2023-12-05,IW,"VV,VH",DESCENDING,165,GRD,PRE,1.0,12,GEE,active,73.55
TN_SOUTHERN_FLOOD_2023,COPERNICUS/S1_GRD/S1A_IW_GRDH_1SDV_20231229T004121_20231229T004146_051862_0643F2_C079,S1A_IW_GRDH_1SDV_20231229T004121_20231229T004146_051862_0643F2_C079,Sentinel-1A,2023-12-29,IW,"VV,VH",DESCENDING,165,GRD,POST,1.0,12,GEE,active,26.29
TN_SOUTHERN_FLOOD_2023,COPERNICUS/S1_GRD/S1A_IW_GRDH_1SDV_20231229T004146_20231229T004205_051862_0643F2_650C,S1A_IW_GRDH_1SDV_20231229T004146_20231229T004205_051862_0643F2_650C,Sentinel-1A,2023-12-29,IW,"VV,VH",DESCENDING,165,GRD,POST,1.0,12,GEE,active,73.63
TN_SOUTHERN_FLOOD_2023,COPERNICUS/S1_GRD/S1A_IW_GRDH_1SDV_20240110T004120_20240110T004145_052037_0649ED_0D81,S1A_IW_GRDH_1SDV_20240110T004120_20240110T004145_052037_0649ED_0D81,Sentinel-1A,2024-01-10,IW,"VV,VH",DESCENDING,165,GRD,POST,1.0,24,GEE,active,26.26
TN_SOUTHERN_FLOOD_2023,COPERNICUS/S1_GRD/S1A_IW_GRDH_1SDV_20240110T004145_20240110T004204_052037_0649ED_D8D2,S1A_IW_GRDH_1SDV_20240110T004145_20240110T004204_052037_0649ED_D8D2,Sentinel-1A,2024-01-10,IW,"VV,VH",DESCENDING,165,GRD,POST,1.0,24,GEE,active,73.66
TN_SOUTHERN_FLOOD_2023,COPERNICUS/S1_GRD/S1A_IW_GRDH_1SDV_20240117T003313_20240117T003338_052139_064D5D_F1B8,S1A_IW_GRDH_1SDV_20240117T003313_20240117T003338_052139_064D5D_F1B8,Sentinel-1A,2024-01-17,IW,"VV,VH",DESCENDING,92,GRD,POST,1.0,31,GEE,active,66.02
TN_SOUTHERN_FLOOD_2023,COPERNICUS/S1_GRD/S1A_IW_GRDH_1SDV_20240117T003338_20240117T003358_052139_064D5D_FE18,S1A_IW_GRDH_1SDV_20240117T003338_20240117T003358_052139_064D5D_FE18,Sentinel-1A,2024-01-17,IW,"VV,VH",DESCENDING,92,GRD,POST,1.0,31,GEE,active,33.9
TN_SOUTHERN_FLOOD_2023,COPERNICUS/S1_GRD/S1A_IW_GRDH_1SDV_20240122T004120_20240122T004145_052212_064FD3_4C10,S1A_IW_GRDH_1SDV_20240122T004120_20240122T004145_052212_064FD3_4C10,Sentinel-1A,2024-01-22,IW,"VV,VH",DESCENDING,165,GRD,POST,1.0,36,GEE,active,26.21
TN_SOUTHERN_FLOOD_2023,COPERNICUS/S1_GRD/S1A_IW_GRDH_1SDV_20240122T004145_20240122T004204_052212_064FD3_9305,S1A_IW_GRDH_1SDV_20240122T004145_20240122T004204_052212_064FD3_9305,Sentinel-1A,2024-01-22,IW,"VV,VH",DESCENDING,165,GRD,POST,1.0,36,GEE,active,73.71
TN_OCKHI_2017,COPERNICUS/S1_GRD/S1A_IW_GRDH_1SDV_20171001T004104_20171001T004129_018612_01F619_FB07,S1A_IW_GRDH_1SDV_20171001T004104_20171001T004129_018612_01F619_FB07,Sentinel-1A,2017-10-01,IW,"VV,VH",DESCENDING,165,GRD,PRE,1.0,60,GEE,active,100.0
TN_OCKHI_2017,COPERNICUS/S1_GRD/S1A_IW_GRDH_1SDV_20171008T003257_20171008T003325_018714_01F937_8BE6,S1A_IW_GRDH_1SDV_20171008T003257_20171008T003325_018714_01F937_8BE6,Sentinel-1A,2017-10-08,IW,"VV,VH",DESCENDING,92,GRD,PRE,1.0,53,GEE,active,100.0
TN_OCKHI_2017,COPERNICUS/S1_GRD/S1A_IW_GRDH_1SDV_20171013T004104_20171013T004129_018787_01FB69_9C73,S1A_IW_GRDH_1SDV_20171013T004104_20171013T004129_018787_01FB69_9C73,Sentinel-1A,2017-10-13,IW,"VV,VH",DESCENDING,165,GRD,PRE,1.0,48,GEE,active,100.0
TN_OCKHI_2017,COPERNICUS/S1_GRD/S1A_IW_GRDH_1SDV_20171020T003257_20171020T003325_018889_01FE9A_C43E,S1A_IW_GRDH_1SDV_20171020T003257_20171020T003325_018889_01FE9A_C43E,Sentinel-1A,2017-10-20,IW,"VV,VH",DESCENDING,92,GRD,PRE,1.0,41,GEE,active,100.0
TN_OCKHI_2017,COPERNICUS/S1_GRD/S1A_IW_GRDH_1SDV_20171025T004104_20171025T004129_018962_0200C1_DD10,S1A_IW_GRDH_1SDV_20171025T004104_20171025T004129_018962_0200C1_DD10,Sentinel-1A,2017-10-25,IW,"VV,VH",DESCENDING,165,GRD,PRE,1.0,36,GEE,active,100.0
TN_OCKHI_2017,COPERNICUS/S1_GRD/S1A_IW_GRDH_1SDV_20171101T003257_20171101T003326_019064_0203EE_73BD,S1A_IW_GRDH_1SDV_20171101T003257_20171101T003326_019064_0203EE_73BD,Sentinel-1A,2017-11-01,IW,"VV,VH",DESCENDING,92,GRD,PRE,1.0,29,GEE,active,100.0
TN_OCKHI_2017,COPERNICUS/S1_GRD/S1A_IW_GRDH_1SDV_20171106T004104_20171106T004129_019137_020623_21D7,S1A_IW_GRDH_1SDV_20171106T004104_20171106T004129_019137_020623_21D7,Sentinel-1A,2017-11-06,IW,"VV,VH",DESCENDING,165,GRD,PRE,1.0,24,GEE,active,100.0
TN_OCKHI_2017,COPERNICUS/S1_GRD/S1A_IW_GRDH_1SDV_20171113T003257_20171113T003325_019239_020957_4E88,S1A_IW_GRDH_1SDV_20171113T003257_20171113T003325_019239_020957_4E88,Sentinel-1A,2017-11-13,IW,"VV,VH",DESCENDING,92,GRD,PRE,1.0,17,GEE,active,100.0
TN_OCKHI_2017,COPERNICUS/S1_GRD/S1A_IW_GRDH_1SDV_20171118T004104_20171118T004129_019312_020B96_30F1,S1A_IW_GRDH_1SDV_20171118T004104_20171118T004129_019312_020B96_30F1,Sentinel-1A,2017-11-18,IW,"VV,VH",DESCENDING,165,GRD,PRE,1.0,12,GEE,active,100.0
TN_OCKHI_2017,COPERNICUS/S1_GRD/S1A_IW_GRDH_1SDV_20171207T003256_20171207T003324_019589_021456_3D9E,S1A_IW_GRDH_1SDV_20171207T003256_20171207T003324_019589_021456_3D9E,Sentinel-1A,2017-12-07,IW,"VV,VH",DESCENDING,92,GRD,POST,1.0,7,GEE,active,100.0
TN_OCKHI_2017,COPERNICUS/S1_GRD/S1A_IW_GRDH_1SDV_20171212T004103_20171212T004128_019662_021693_9FA3,S1A_IW_GRDH_1SDV_20171212T004103_20171212T004128_019662_021693_9FA3,Sentinel-1A,2017-12-12,IW,"VV,VH",DESCENDING,165,GRD,POST,1.0,12,GEE,active,100.0
TN_OCKHI_2017,COPERNICUS/S1_GRD/S1A_IW_GRDH_1SDV_20171219T003256_20171219T003324_019764_0219CA_CAFE,S1A_IW_GRDH_1SDV_20171219T003256_20171219T003324_019764_0219CA_CAFE,Sentinel-1A,2017-12-19,IW,"VV,VH",DESCENDING,92,GRD,POST,1.0,19,GEE,active,100.0
TN_OCKHI_2017,COPERNICUS/S1_GRD/S1A_IW_GRDH_1SDV_20171224T004103_20171224T004127_019837_021BF4_D089,S1A_IW_GRDH_1SDV_20171224T004103_20171224T004127_019837_021BF4_D089,Sentinel-1A,2017-12-24,IW,"VV,VH",DESCENDING,165,GRD,POST,1.0,24,GEE,active,100.0
TN_FENGAL_2024,COPERNICUS/S1_GRD/S1A_IW_GRDH_1SDV_20241007T003224_20241007T003249_055989_06D8D1_2573,S1A_IW_GRDH_1SDV_20241007T003224_20241007T003249_055989_06D8D1_2573,Sentinel-1A,2024-10-07,IW,"VV,VH",DESCENDING,92,GRD,PRE,1.0,54,GEE,active,100.0
TN_FENGAL_2024,COPERNICUS/S1_GRD/S1A_IW_GRDH_1SDV_20241019T003224_20241019T003249_056164_06DFBD_3399,S1A_IW_GRDH_1SDV_20241019T003224_20241019T003249_056164_06DFBD_3399,Sentinel-1A,2024-10-19,IW,"VV,VH",DESCENDING,92,GRD,PRE,1.0,42,GEE,active,100.0
TN_FENGAL_2024,COPERNICUS/S1_GRD/S1A_IW_GRDH_1SDV_20241031T003223_20241031T003248_056339_06E6AD_5FF0,S1A_IW_GRDH_1SDV_20241031T003223_20241031T003248_056339_06E6AD_5FF0,Sentinel-1A,2024-10-31,IW,"VV,VH",DESCENDING,92,GRD,PRE,1.0,30,GEE,active,100.0
TN_FENGAL_2024,COPERNICUS/S1_GRD/S1A_IW_GRDH_1SDV_20241112T003223_20241112T003248_056514_06EDA5_9877,S1A_IW_GRDH_1SDV_20241112T003223_20241112T003248_056514_06EDA5_9877,Sentinel-1A,2024-11-12,IW,"VV,VH",DESCENDING,92,GRD,PRE,1.0,18,GEE,active,100.0
TN_FENGAL_2024,COPERNICUS/S1_GRD/S1A_IW_GRDH_1SDV_20241206T003221_20241206T003246_056864_06FB8D_9FDB,S1A_IW_GRDH_1SDV_20241206T003221_20241206T003246_056864_06FB8D_9FDB,Sentinel-1A,2024-12-06,IW,"VV,VH",DESCENDING,92,GRD,POST,1.0,6,GEE,active,100.0
TN_FENGAL_2024,COPERNICUS/S1_GRD/S1A_IW_GRDH_1SDV_20241218T003220_20241218T003245_057039_07027F_0FF3,S1A_IW_GRDH_1SDV_20241218T003220_20241218T003245_057039_07027F_0FF3,Sentinel-1A,2024-12-18,IW,"VV,VH",DESCENDING,92,GRD,POST,1.0,18,GEE,active,100.0
TN_CHENNAI_FLOOD_2021,COPERNICUS/S1_GRD/S1A_IW_GRDH_1SDV_20210917T003147_20210917T003212_039714_04B23D_553F,S1A_IW_GRDH_1SDV_20210917T003147_20210917T003212_039714_04B23D_553F,Sentinel-1A,2021-09-17,IW,"VV,VH",DESCENDING,92,GRD,PRE,1.0,51,GEE,active,13.48
TN_CHENNAI_FLOOD_2021,COPERNICUS/S1_GRD/S1A_IW_GRDH_1SDV_20210917T003212_20210917T003237_039714_04B23D_C7DA,S1A_IW_GRDH_1SDV_20210917T003212_20210917T003237_039714_04B23D_C7DA,Sentinel-1A,2021-09-17,IW,"VV,VH",DESCENDING,92,GRD,PRE,1.0,51,GEE,active,86.45
TN_CHENNAI_FLOOD_2021,COPERNICUS/S1_GRD/S1A_IW_GRDH_1SDV_20210929T003147_20210929T003212_039889_04B840_8883,S1A_IW_GRDH_1SDV_20210929T003147_20210929T003212_039889_04B840_8883,Sentinel-1A,2021-09-29,IW,"VV,VH",DESCENDING,92,GRD,PRE,1.0,39,GEE,active,13.54
TN_CHENNAI_FLOOD_2021,COPERNICUS/S1_GRD/S1A_IW_GRDH_1SDV_20210929T003212_20210929T003237_039889_04B840_42A5,S1A_IW_GRDH_1SDV_20210929T003212_20210929T003237_039889_04B840_42A5,Sentinel-1A,2021-09-29,IW,"VV,VH",DESCENDING,92,GRD,PRE,1.0,39,GEE,active,86.4
TN_CHENNAI_FLOOD_2021,COPERNICUS/S1_GRD/S1A_IW_GRDH_1SDV_20211011T003147_20211011T003212_040064_04BE46_7E21,S1A_IW_GRDH_1SDV_20211011T003147_20211011T003212_040064_04BE46_7E21,Sentinel-1A,2021-10-11,IW,"VV,VH",DESCENDING,92,GRD,PRE,1.0,27,GEE,active,13.51
TN_CHENNAI_FLOOD_2021,COPERNICUS/S1_GRD/S1A_IW_GRDH_1SDV_20211011T003212_20211011T003237_040064_04BE46_0608,S1A_IW_GRDH_1SDV_20211011T003212_20211011T003237_040064_04BE46_0608,Sentinel-1A,2021-10-11,IW,"VV,VH",DESCENDING,92,GRD,PRE,1.0,27,GEE,active,86.43
TN_CHENNAI_FLOOD_2021,COPERNICUS/S1_GRD/S1A_IW_GRDH_1SDV_20211023T003148_20211023T003213_040239_04C461_42A6,S1A_IW_GRDH_1SDV_20211023T003148_20211023T003213_040239_04C461_42A6,Sentinel-1A,2021-10-23,IW,"VV,VH",DESCENDING,92,GRD,PRE,1.0,15,GEE,active,13.57
TN_CHENNAI_FLOOD_2021,COPERNICUS/S1_GRD/S1A_IW_GRDH_1SDV_20211023T003213_20211023T003238_040239_04C461_000E,S1A_IW_GRDH_1SDV_20211023T003213_20211023T003238_040239_04C461_000E,Sentinel-1A,2021-10-23,IW,"VV,VH",DESCENDING,92,GRD,PRE,1.0,15,GEE,active,86.36
TN_CHENNAI_FLOOD_2021,COPERNICUS/S1_GRD/S1A_IW_GRDH_1SDV_20211116T003147_20211116T003212_040589_04D094_DB41,S1A_IW_GRDH_1SDV_20211116T003147_20211116T003212_040589_04D094_DB41,Sentinel-1A,2021-11-16,IW,"VV,VH",DESCENDING,92,GRD,POST,1.0,9,GEE,active,13.49
TN_CHENNAI_FLOOD_2021,COPERNICUS/S1_GRD/S1A_IW_GRDH_1SDV_20211116T003212_20211116T003237_040589_04D094_B07B,S1A_IW_GRDH_1SDV_20211116T003212_20211116T003237_040589_04D094_B07B,Sentinel-1A,2021-11-16,IW,"VV,VH",DESCENDING,92,GRD,POST,1.0,9,GEE,active,86.44
TN_CHENNAI_FLOOD_2021,COPERNICUS/S1_GRD/S1A_IW_GRDH_1SDV_20211128T003147_20211128T003212_040764_04D697_BA95,S1A_IW_GRDH_1SDV_20211128T003147_20211128T003212_040764_04D697_BA95,Sentinel-1A,2021-11-28,IW,"VV,VH",DESCENDING,92,GRD,POST,1.0,21,GEE,active,13.48
TN_CHENNAI_FLOOD_2021,COPERNICUS/S1_GRD/S1A_IW_GRDH_1SDV_20211128T003212_20211128T003237_040764_04D697_A118,S1A_IW_GRDH_1SDV_20211128T003212_20211128T003237_040764_04D697_A118,Sentinel-1A,2021-11-28,IW,"VV,VH",DESCENDING,92,GRD,POST,1.0,21,GEE,active,86.45
TN_BUREVI_2020,COPERNICUS/S1_GRD/S1A_IW_GRDH_1SDV_20201004T003257_20201004T003322_034639_0408AD_9542,S1A_IW_GRDH_1SDV_20201004T003257_20201004T003322_034639_0408AD_9542,Sentinel-1A,2020-10-04,IW,"VV,VH",DESCENDING,92,GRD,PRE,1.0,60,GEE,active,26.24
TN_BUREVI_2020,COPERNICUS/S1_GRD/S1A_IW_GRDH_1SDV_20201004T003322_20201004T003339_034639_0408AD_529D,S1A_IW_GRDH_1SDV_20201004T003322_20201004T003339_034639_0408AD_529D,Sentinel-1A,2020-10-04,IW,"VV,VH",DESCENDING,92,GRD,PRE,1.0,60,GEE,active,73.67
TN_BUREVI_2020,COPERNICUS/S1_GRD/S1A_IW_GRDH_1SDV_20201016T003257_20201016T003322_034814_040EC0_0D5B,S1A_IW_GRDH_1SDV_20201016T003257_20201016T003322_034814_040EC0_0D5B,Sentinel-1A,2020-10-16,IW,"VV,VH",DESCENDING,92,GRD,PRE,1.0,48,GEE,active,26.23
TN_BUREVI_2020,COPERNICUS/S1_GRD/S1A_IW_GRDH_1SDV_20201016T003322_20201016T003345_034814_040EC0_89CE,S1A_IW_GRDH_1SDV_20201016T003322_20201016T003345_034814_040EC0_89CE,Sentinel-1A,2020-10-16,IW,"VV,VH",DESCENDING,92,GRD,PRE,1.0,48,GEE,active,73.68
TN_BUREVI_2020,COPERNICUS/S1_GRD/S1A_IW_GRDH_1SDV_20201028T003257_20201028T003322_034989_0414CB_4560,S1A_IW_GRDH_1SDV_20201028T003257_20201028T003322_034989_0414CB_4560,Sentinel-1A,2020-10-28,IW,"VV,VH",DESCENDING,92,GRD,PRE,1.0,36,GEE,active,26.16
TN_BUREVI_2020,COPERNICUS/S1_GRD/S1A_IW_GRDH_1SDV_20201028T003322_20201028T003345_034989_0414CB_A129,S1A_IW_GRDH_1SDV_20201028T003322_20201028T003345_034989_0414CB_A129,Sentinel-1A,2020-10-28,IW,"VV,VH",DESCENDING,92,GRD,PRE,1.0,36,GEE,active,73.76
TN_BUREVI_2020,COPERNICUS/S1_GRD/S1A_IW_GRDH_1SDV_20201109T003257_20201109T003322_035164_041AD2_D26B,S1A_IW_GRDH_1SDV_20201109T003257_20201109T003322_035164_041AD2_D26B,Sentinel-1A,2020-11-09,IW,"VV,VH",DESCENDING,92,GRD,PRE,1.0,24,GEE,active,26.17
TN_BUREVI_2020,COPERNICUS/S1_GRD/S1A_IW_GRDH_1SDV_20201109T003322_20201109T003345_035164_041AD2_632B,S1A_IW_GRDH_1SDV_20201109T003322_20201109T003345_035164_041AD2_632B,Sentinel-1A,2020-11-09,IW,"VV,VH",DESCENDING,92,GRD,PRE,1.0,24,GEE,active,73.74
TN_BUREVI_2020,COPERNICUS/S1_GRD/S1A_IW_GRDH_1SDV_20201121T003256_20201121T003321_035339_0420EC_79D9,S1A_IW_GRDH_1SDV_20201121T003256_20201121T003321_035339_0420EC_79D9,Sentinel-1A,2020-11-21,IW,"VV,VH",DESCENDING,92,GRD,PRE,1.0,12,GEE,active,26.15
TN_BUREVI_2020,COPERNICUS/S1_GRD/S1A_IW_GRDH_1SDV_20201121T003321_20201121T003344_035339_0420EC_1C6F,S1A_IW_GRDH_1SDV_20201121T003321_20201121T003344_035339_0420EC_1C6F,Sentinel-1A,2020-11-21,IW,"VV,VH",DESCENDING,92,GRD,PRE,1.0,12,GEE,active,73.76
TN_BUREVI_2020,COPERNICUS/S1_GRD/S1A_IW_GRDH_1SDV_20201208T130601_20201208T130630_035595_0429BC_1FBC,S1A_IW_GRDH_1SDV_20201208T130601_20201208T130630_035595_0429BC_1FBC,Sentinel-1A,2020-12-08,IW,"VV,VH",ASCENDING,173,GRD,POST,1.0,5,GEE,active,12.61
TN_BUREVI_2020,COPERNICUS/S1_GRD/S1A_IW_GRDH_1SDV_20201208T130630_20201208T130704_035595_0429BC_E153,S1A_IW_GRDH_1SDV_20201208T130630_20201208T130704_035595_0429BC_E153,Sentinel-1A,2020-12-08,IW,"VV,VH",ASCENDING,173,GRD,POST,1.0,5,GEE,active,0.35
TN_BUREVI_2020,COPERNICUS/S1_GRD/S1A_IW_GRDH_1SDV_20201215T003255_20201215T003320_035689_042CFB_C716,S1A_IW_GRDH_1SDV_20201215T003255_20201215T003320_035689_042CFB_C716,Sentinel-1A,2020-12-15,IW,"VV,VH",DESCENDING,92,GRD,POST,1.0,12,GEE,active,26.15
TN_BUREVI_2020,COPERNICUS/S1_GRD/S1A_IW_GRDH_1SDV_20201215T003320_20201215T003343_035689_042CFB_8D69,S1A_IW_GRDH_1SDV_20201215T003320_20201215T003343_035689_042CFB_8D69,Sentinel-1A,2020-12-15,IW,"VV,VH",DESCENDING,92,GRD,POST,1.0,12,GEE,active,73.79
TN_BUREVI_2020,COPERNICUS/S1_GRD/S1B_IW_GRDH_1SDV_20201209T003225_20201209T003250_024618_02ED66_ECB6,S1B_IW_GRDH_1SDV_20201209T003225_20201209T003250_024618_02ED66_ECB6,Sentinel-1B,2020-12-09,IW,"VV,VH",DESCENDING,92,GRD,POST,1.0,6,GEE,active,100.0
TN_BUREVI_2020,COPERNICUS/S1_GRD/S1B_IW_GRDH_1SDV_20201209T125726_20201209T125751_024626_02EDAA_692A,S1B_IW_GRDH_1SDV_20201209T125726_20201209T125751_024626_02EDAA_692A,Sentinel-1B,2020-12-09,IW,"VV,VH",ASCENDING,100,GRD,POST,1.0,6,GEE,active,100.0
TN_BUREVI_2020,COPERNICUS/S1_GRD/S1B_IW_GRDH_1SDV_20201214T130530_20201214T130559_024699_02EFFF_E7BF,S1B_IW_GRDH_1SDV_20201214T130530_20201214T130559_024699_02EFFF_E7BF,Sentinel-1B,2020-12-14,IW,"VV,VH",ASCENDING,173,GRD,POST,1.0,11,GEE,active,13.1
TN_NADA_2016,COPERNICUS/S1_GRD/S1A_IW_GRDH_1SDV_20161013T003201_20161013T003226_013464_015852_084A,S1A_IW_GRDH_1SDV_20161013T003201_20161013T003226_013464_015852_084A,Sentinel-1A,2016-10-13,IW,"VV,VH",DESCENDING,92,GRD,PRE,1.0,50,GEE,active,100.0
TN_NADA_2016,COPERNICUS/S1_GRD/S1A_IW_GRDH_1SDV_20161025T003201_20161025T003226_013639_015DC4_B75B,S1A_IW_GRDH_1SDV_20161025T003201_20161025T003226_013639_015DC4_B75B,Sentinel-1A,2016-10-25,IW,"VV,VH",DESCENDING,92,GRD,PRE,1.0,38,GEE,active,100.0
TN_NADA_2016,COPERNICUS/S1_GRD/S1A_IW_GRDH_1SDV_20161106T003201_20161106T003226_013814_016338_B9AC,S1A_IW_GRDH_1SDV_20161106T003201_20161106T003226_013814_016338_B9AC,Sentinel-1A,2016-11-06,IW,"VV,VH",DESCENDING,92,GRD,PRE,1.0,26,GEE,active,100.0
TN_NADA_2016,COPERNICUS/S1_GRD/S1A_IW_GRDH_1SDV_20161118T003200_20161118T003225_013989_0168A8_257A,S1A_IW_GRDH_1SDV_20161118T003200_20161118T003225_013989_0168A8_257A,Sentinel-1A,2016-11-18,IW,"VV,VH",DESCENDING,92,GRD,PRE,1.0,14,GEE,active,100.0
TN_NADA_2016,COPERNICUS/S1_GRD/S1A_IW_GRDH_1SDV_20161212T003200_20161212T003225_014339_0173A0_B2A0,S1A_IW_GRDH_1SDV_20161212T003200_20161212T003225_014339_0173A0_B2A0,Sentinel-1A,2016-12-12,IW,"VV,VH",DESCENDING,92,GRD,POST,1.0,10,GEE,active,100.0
TN_NADA_2016,COPERNICUS/S1_GRD/S1A_IW_GRDH_1SDV_20161224T003159_20161224T003224_014514_017911_1F13,S1A_IW_GRDH_1SDV_20161224T003159_20161224T003224_014514_017911_1F13,Sentinel-1A,2016-12-24,IW,"VV,VH",DESCENDING,92,GRD,POST,1.0,22,GEE,active,100.0
TN_NADA_2016,COPERNICUS/S1_GRD/S1B_IW_GRDH_1SDV_20161218T003051_20161218T003125_003443_005E20_4C67,S1B_IW_GRDH_1SDV_20161218T003051_20161218T003125_003443_005E20_4C67,Sentinel-1B,2016-12-18,IW,"VV,VH",DESCENDING,92,GRD,POST,1.0,16,GEE,active,72.77
