event_id,event_name,district,disaster_type,sensor,pre_or_post,product_id,acquisition_date,source,source_url,file_path,file_size_mb,sha256,crs,resolution,width,height,bounds,cloud_percentage,valid_pixel_percentage,aoi_coverage,quality_tier,qc_status
TN_VARDAH_2016,Cyclone Vardah 2016,Chennai,cyclones,Sentinel-1,PRE,COPERNICUS/S1_GRD/S1A_IW_GRDH_1SDV_20161130T003135_20161130T003200_014164_016E0D_675E,1SDV,GEE,https://earthengine.googleapis.com,data/tamil_nadu/raw/TN_VARDAH_2016/sentinel1/TN_VARDAH_2016_S1_PRE.tif,18.34,ad60be6c786a1d3c6b056fe95e387c8c95ac68d9abaedd8d2e823dac6ae85144,EPSG:32644,10.0,1632,1665,"BoundingBox(left=412780.0, bottom=1438070.0, right=429100.0, top=1454720.0)",N/A,100.0,1.0,S1_TIER_1 = EXCELLENT,PASS
TN_VARDAH_2016,Cyclone Vardah 2016,Chennai,cyclones,Sentinel-1,POST,COPERNICUS/S1_GRD/S1B_IW_GRDH_1SDV_20161218T003051_20161218T003125_003443_005E20_4C67,1SDV,GEE,https://earthengine.googleapis.com,data/tamil_nadu/raw/TN_VARDAH_2016/sentinel1/TN_VARDAH_2016_S1_POST.tif,18.4,52b15acda9e5b750eb2e60101ea4c992dc7dd9e03141afb7b204be818cac981c,EPSG:32644,10.0,1632,1665,"BoundingBox(left=412780.0, bottom=1438070.0, right=429100.0, top=1454720.0)",N/A,100.0,1.0,S1_TIER_1 = EXCELLENT,PASS
TN_VARDAH_2016,Cyclone Vardah 2016,Chennai,cyclones,Sentinel-1,PRE,COPERNICUS/S1_GRD/S1A_IW_GRDH_1SDV_20161130T003135_20161130T003200_014164_016E0D_675E,1SDV,GEE,https://earthengine.googleapis.com,data/tamil_nadu/processed/TN_VARDAH_2016/sentinel1/TN_VARDAH_2016_S1_PRE.tif,20.74,31864749a28f11c69edf3a6c4d670678bb2f102df3d418c7c4f3dbd227bab94e,EPSG:32644,10.0,1632,1665,"BoundingBox(left=412780.0, bottom=1438070.0, right=429100.0, top=1454720.0)",N/A,100.0,1.0,S1_TIER_1 = EXCELLENT,PASS
TN_VARDAH_2016,Cyclone Vardah 2016,Chennai,cyclones,Sentinel-1,POST,COPERNICUS/S1_GRD/S1B_IW_GRDH_1SDV_20161218T003051_20161218T003125_003443_005E20_4C67,1SDV,GEE,https://earthengine.googleapis.com,data/tamil_nadu/processed/TN_VARDAH_2016/sentinel1/TN_VARDAH_2016_S1_POST.tif,20.74,79fae0b37651b92aa3909d204fcd4f9e37f209e8d038cba047933617e972bec0,EPSG:32644,10.0,1632,1665,"BoundingBox(left=412780.0, bottom=1438070.0, right=429100.0, top=1454720.0)",N/A,100.0,1.0,S1_TIER_1 = EXCELLENT,PASS
TN_GAJA_2018,Cyclone Gaja 2018,Nagapattinam,cyclones,Sentinel-1,PRE,COPERNICUS/S1_GRD/S1A_IW_GRDH_1SDV_20181108T003213_20181108T003238_024489_02AF7A_4E6C,1SDV,GEE,https://earthengine.googleapis.com,data/tamil_nadu/raw/TN_GAJA_2018/sentinel1/TN_GAJA_2018_S1_PRE.tif,18.31,3cd10e15a7ee7ead636296695f9373359b441ae5fb24f05413bdc77b837429f1,EPSG:32644,10.0,1647,1666,"BoundingBox(left=365230.0, bottom=1181970.0, right=381700.0, top=1198630.0)",N/A,100.0,1.0,S1_TIER_1 = EXCELLENT,PASS
TN_GAJA_2018,Cyclone Gaja 2018,Nagapattinam,cyclones,Sentinel-1,POST,COPERNICUS/S1_GRD/S1A_IW_GRDH_1SDV_20181120T003213_20181120T003238_024664_02B5ED_EB05,1SDV,GEE,https://earthengine.googleapis.com,data/tamil_nadu/raw/TN_GAJA_2018/sentinel1/TN_GAJA_2018_S1_POST.tif,18.35,bc093cc907346a6970f4a62c8b9278fd50155d90a19ebbcea9d11aff7c798496,EPSG:32644,10.0,1647,1666,"BoundingBox(left=365230.0, bottom=1181970.0, right=381700.0, top=1198630.0)",N/A,100.0,1.0,S1_TIER_1 = EXCELLENT,PASS
TN_GAJA_2018,Cyclone Gaja 2018,Nagapattinam,cyclones,Sentinel-1,PRE,COPERNICUS/S1_GRD/S1A_IW_GRDH_1SDV_20181108T003213_20181108T003238_024489_02AF7A_4E6C,1SDV,GEE,https://earthengine.googleapis.com,data/tamil_nadu/processed/TN_GAJA_2018/sentinel1/TN_GAJA_2018_S1_PRE.tif,20.94,dc90d8606057bd67d205e4d05b77703c7fbf5b4e835a208774bb642984c779ab,EPSG:32644,10.0,1647,1666,"BoundingBox(left=365230.0, bottom=1181970.0, right=381700.0, top=1198630.0)",N/A,100.0,1.0,S1_TIER_1 = EXCELLENT,PASS
TN_GAJA_2018,Cyclone Gaja 2018,Nagapattinam,cyclones,Sentinel-1,POST,COPERNICUS/S1_GRD/S1A_IW_GRDH_1SDV_20181120T003213_20181120T003238_024664_02B5ED_EB05,1SDV,GEE,https://earthengine.googleapis.com,data/tamil_nadu/processed/TN_GAJA_2018/sentinel1/TN_GAJA_2018_S1_POST.tif,20.94,55b1273a28659a0e46a535e3c6cf14d79a2c5e5feda391117b3488730109b9d7,EPSG:32644,10.0,1647,1666,"BoundingBox(left=365230.0, bottom=1181970.0, right=381700.0, top=1198630.0)",N/A,100.0,1.0,S1_TIER_1 = EXCELLENT,PASS
TN_NIVAR_2020,Cyclone Nivar 2020,Cuddalore,cyclones,Sentinel-1,PRE,COPERNICUS/S1_GRD/S1A_IW_GRDH_1SDV_20201121T003206_20201121T003231_035339_0420EC_F580,1SDV,GEE,https://earthengine.googleapis.com,data/tamil_nadu/raw/TN_NIVAR_2020/sentinel1/TN_NIVAR_2020_S1_PRE.tif,18.08,0cdbe473e6947957014fc685fa1acf83525f756bbc584a64b75ab4b13b8cb92e,EPSG:32644,10.0,1643,1667,"BoundingBox(left=357910.0, bottom=1290650.0, right=374340.0, top=1307320.0)",N/A,99.55,1.0,S1_TIER_1 = EXCELLENT,PASS
TN_NIVAR_2020,Cyclone Nivar 2020,Cuddalore,cyclones,Sentinel-1,POST,COPERNICUS/S1_GRD/S1A_IW_GRDH_1SDV_20201203T003206_20201203T003231_035514_0426F6_0C55,1SDV,GEE,https://earthengine.googleapis.com,data/tamil_nadu/raw/TN_NIVAR_2020/sentinel1/TN_NIVAR_2020_S1_POST.tif,18.17,04d8d4b6ee3a086484facc444931a6f9bcf75b1ff136e1d70ca8881a53bd7f10,EPSG:32644,10.0,1643,1667,"BoundingBox(left=357910.0, bottom=1290650.0, right=374340.0, top=1307320.0)",N/A,99.54,1.0,S1_TIER_1 = EXCELLENT,PASS
TN_NIVAR_2020,Cyclone Nivar 2020,Cuddalore,cyclones,Sentinel-2,PRE,COPERNICUS/S2_SR_HARMONIZED/20201121T050121_20201121T051432_T44PLT,20201121,GEE,https://earthengine.googleapis.com,data/tamil_nadu/raw/TN_NIVAR_2020/sentinel2/TN_NIVAR_2020_S2_PRE.tif,8.65,44d04833325ae2e906535b1ea1f9d8bd62525b2a08690621f5cd593079d5992b,EPSG:32644,10.0,1643,1667,"BoundingBox(left=357910.0, bottom=1290650.0, right=374340.0, top=1307320.0)",10.25,56.21,1.0,S2_TIER_2 = GOOD,PASS
TN_NIVAR_2020,Cyclone Nivar 2020,Cuddalore,cyclones,Sentinel-2,POST,COPERNICUS/S2_SR_HARMONIZED/20201211T050211_20201211T050209_T44PLT,20201211,GEE,https://earthengine.googleapis.com,data/tamil_nadu/raw/TN_NIVAR_2020/sentinel2/TN_NIVAR_2020_S2_POST.tif,8.64,4e9efab9ee37571a902376b3f1d3210bebf365652b04942b275ce2f70b3edca2,EPSG:32644,10.0,1643,1667,"BoundingBox(left=357910.0, bottom=1290650.0, right=374340.0, top=1307320.0)",6.47,56.21,1.0,S2_TIER_2 = GOOD,PASS
TN_NIVAR_2020,Cyclone Nivar 2020,Cuddalore,cyclones,Sentinel-1,PRE,COPERNICUS/S1_GRD/S1A_IW_GRDH_1SDV_20201121T003206_20201121T003231_035339_0420EC_F580,1SDV,GEE,https://earthengine.googleapis.com,data/tamil_nadu/processed/TN_NIVAR_2020/sentinel1/TN_NIVAR_2020_S1_PRE.tif,20.91,a03dce973dbda654f03b30b41d68550c33596bcac247f3f2d11bec40dfc30fca,EPSG:32644,10.0,1643,1667,"BoundingBox(left=357910.0, bottom=1290650.0, right=374340.0, top=1307320.0)",N/A,99.55,1.0,S1_TIER_1 = EXCELLENT,PASS
TN_NIVAR_2020,Cyclone Nivar 2020,Cuddalore,cyclones,Sentinel-1,POST,COPERNICUS/S1_GRD/S1A_IW_GRDH_1SDV_20201203T003206_20201203T003231_035514_0426F6_0C55,1SDV,GEE,https://earthengine.googleapis.com,data/tamil_nadu/processed/TN_NIVAR_2020/sentinel1/TN_NIVAR_2020_S1_POST.tif,20.91,08afeb39b5720fc1161679ef20daaabbda005969b34993badb5ac6b5260cbf59,EPSG:32644,10.0,1643,1667,"BoundingBox(left=357910.0, bottom=1290650.0, right=374340.0, top=1307320.0)",N/A,99.54,1.0,S1_TIER_1 = EXCELLENT,PASS
TN_NIVAR_2020,Cyclone Nivar 2020,Cuddalore,cyclones,Sentinel-2,PRE,COPERNICUS/S2_SR_HARMONIZED/20201121T050121_20201121T051432_T44PLT,20201121,GEE,https://earthengine.googleapis.com,data/tamil_nadu/processed/TN_NIVAR_2020/sentinel2/TN_NIVAR_2020_S2_PRE.tif,20.91,30f56bde162a44b41aa37b24be31efb3e37b31cdf29c3f625da2c93b422c2a57,EPSG:32644,10.0,1643,1667,"BoundingBox(left=357910.0, bottom=1290650.0, right=374340.0, top=1307320.0)",10.25,56.21,1.0,S2_TIER_2 = GOOD,PASS
TN_NIVAR_2020,Cyclone Nivar 2020,Cuddalore,cyclones,Sentinel-2,POST,COPERNICUS/S2_SR_HARMONIZED/20201211T050211_20201211T050209_T44PLT,20201211,GEE,https://earthengine.googleapis.com,data/tamil_nadu/processed/TN_NIVAR_2020/sentinel2/TN_NIVAR_2020_S2_POST.tif,20.91,57fe5d573726f386c3911b8479e1ddd758e0781e69185dfe7aec581aea5023ba,EPSG:32644,10.0,1643,1667,"BoundingBox(left=357910.0, bottom=1290650.0, right=374340.0, top=1307320.0)",6.47,56.21,1.0,S2_TIER_2 = GOOD,PASS
TN_MANDOUS_2022,Cyclone Mandous 2022,Chengalpattu,cyclones,Sentinel-1,PRE,COPERNICUS/S1_GRD/S1A_IW_GRDH_1SDV_20221123T003222_20221123T003247_046014_0581C6_581E,1SDV,GEE,https://earthengine.googleapis.com,data/tamil_nadu/raw/TN_MANDOUS_2022/sentinel1/TN_MANDOUS_2022_S1_PRE.tif,17.95,44e27a90e2b91d78821f130191e62ffc2bf9a616a82cf073ca5857d17e63ae8b,EPSG:32644,10.0,1635,1665,"BoundingBox(left=404360.0, bottom=1386980.0, right=420710.0, top=1403630.0)",N/A,100.0,1.0,S1_TIER_2 = GOOD,PASS
TN_MANDOUS_2022,Cyclone Mandous 2022,Chengalpattu,cyclones,Sentinel-1,POST,COPERNICUS/S1_GRD/S1A_IW_GRDH_1SDV_20221217T003220_20221217T003245_046364_058DB3_A74B,1SDV,GEE,https://earthengine.googleapis.com,data/tamil_nadu/raw/TN_MANDOUS_2022/sentinel1/TN_MANDOUS_2022_S1_POST.tif,17.96,2cd39f60d423b26aa063915f603225b064fe9fbee06ee51ebba5e57b54fedbb0,EPSG:32644,10.0,1635,1665,"BoundingBox(left=404360.0, bottom=1386980.0, right=420710.0, top=1403630.0)",N/A,100.0,1.0,S1_TIER_2 = GOOD,PASS
TN_MANDOUS_2022,Cyclone Mandous 2022,Chengalpattu,cyclones,Sentinel-1,PRE,COPERNICUS/S1_GRD/S1A_IW_GRDH_1SDV_20221123T003222_20221123T003247_046014_0581C6_581E,1SDV,GEE,https://earthengine.googleapis.com,data/tamil_nadu/processed/TN_MANDOUS_2022/sentinel1/TN_MANDOUS_2022_S1_PRE.tif,20.78,613ee618d4edae97fc3de446341013a7da02e53d59768318c7eee8dbf4fd820c,EPSG:32644,10.0,1635,1665,"BoundingBox(left=404360.0, bottom=1386980.0, right=420710.0, top=1403630.0)",N/A,100.0,1.0,S1_TIER_2 = GOOD,PASS
TN_MANDOUS_2022,Cyclone Mandous 2022,Chengalpattu,cyclones,Sentinel-1,POST,COPERNICUS/S1_GRD/S1A_IW_GRDH_1SDV_20221217T003220_20221217T003245_046364_058DB3_A74B,1SDV,GEE,https://earthengine.googleapis.com,data/tamil_nadu/processed/TN_MANDOUS_2022/sentinel1/TN_MANDOUS_2022_S1_POST.tif,20.78,eeb03560b407a9d238df5b0afcbacff785a7534edc1fd7fce0b251001f086f98,EPSG:32644,10.0,1635,1665,"BoundingBox(left=404360.0, bottom=1386980.0, right=420710.0, top=1403630.0)",N/A,100.0,1.0,S1_TIER_2 = GOOD,PASS
TN_SOUTHERN_FLOOD_2023,Southern Districts Floods 2023,Tirunelveli,floods,Sentinel-1,PRE,COPERNICUS/S1_GRD/S1A_IW_GRDH_1SDV_20231205T004122_20231205T004147_051512_0637C8_0902,1SDV,GEE,https://earthengine.googleapis.com,data/tamil_nadu/raw/TN_SOUTHERN_FLOOD_2023/sentinel1/TN_SOUTHERN_FLOOD_2023_S1_PRE.tif,4.95,2e486012090a78b8a313ef455d7366588a73b831b10e4b3ef0a9f80a748a57b6,EPSG:32643,10.0,1664,1673,"BoundingBox(left=788770.0, bottom=957700.0, right=805410.0, top=974430.0)",N/A,26.56,1.0,S1_TIER_1 = EXCELLENT,PASS
TN_SOUTHERN_FLOOD_2023,Southern Districts Floods 2023,Tirunelveli,floods,Sentinel-1,POST,COPERNICUS/S1_GRD/S1A_IW_GRDH_1SDV_20231229T004121_20231229T004146_051862_0643F2_C079,1SDV,GEE,https://earthengine.googleapis.com,data/tamil_nadu/raw/TN_SOUTHERN_FLOOD_2023/sentinel1/TN_SOUTHERN_FLOOD_2023_S1_POST.tif,4.95,c068812a05a6015e0620404b305f883155a5126024eb04411f4b6453dc536ee8,EPSG:32643,10.0,1664,1673,"BoundingBox(left=788770.0, bottom=957700.0, right=805410.0, top=974430.0)",N/A,26.49,1.0,S1_TIER_1 = EXCELLENT,PASS
TN_SOUTHERN_FLOOD_2023,Southern Districts Floods 2023,Tirunelveli,floods,Sentinel-1,PRE,COPERNICUS/S1_GRD/S1A_IW_GRDH_1SDV_20231205T004122_20231205T004147_051512_0637C8_0902,1SDV,GEE,https://earthengine.googleapis.com,data/tamil_nadu/processed/TN_SOUTHERN_FLOOD_2023/sentinel1/TN_SOUTHERN_FLOOD_2023_S1_PRE.tif,21.25,93804730b405c2c26b5111f73fec82d428e89933cd3afe8caa1e7dcd14949fb3,EPSG:32643,10.0,1664,1673,"BoundingBox(left=788770.0, bottom=957700.0, right=805410.0, top=974430.0)",N/A,26.56,1.0,S1_TIER_1 = EXCELLENT,PASS
TN_SOUTHERN_FLOOD_2023,Southern Districts Floods 2023,Tirunelveli,floods,Sentinel-1,POST,COPERNICUS/S1_GRD/S1A_IW_GRDH_1SDV_20231229T004121_20231229T004146_051862_0643F2_C079,1SDV,GEE,https://earthengine.googleapis.com,data/tamil_nadu/processed/TN_SOUTHERN_FLOOD_2023/sentinel1/TN_SOUTHERN_FLOOD_2023_S1_POST.tif,21.25,825945abc32c4045229db5dab3e2c1d1063f9132859d61613a905d46641f92ea,EPSG:32643,10.0,1664,1673,"BoundingBox(left=788770.0, bottom=957700.0, right=805410.0, top=974430.0)",N/A,26.49,1.0,S1_TIER_1 = EXCELLENT,PASS
TN_OCKHI_2017,Cyclone Ockhi 2017,Kanyakumari,cyclones,Sentinel-1,PRE,COPERNICUS/S1_GRD/S1A_IW_GRDH_1SDV_20171113T003257_20171113T003325_019239_020957_4E88,1SDV,GEE,https://earthengine.googleapis.com,data/tamil_nadu/raw/TN_OCKHI_2017/sentinel1/TN_OCKHI_2017_S1_PRE.tif,18.55,f771ddabfd58f04c99b640c92d851c3f072423fadf3e6e0ed9a227b7ec5463fa,EPSG:32643,10.0,1665,1671,"BoundingBox(left=771610.0, bottom=886770.0, right=788260.0, top=903480.0)",N/A,100.0,1.0,S1_TIER_2 = GOOD,PASS
TN_OCKHI_2017,Cyclone Ockhi 2017,Kanyakumari,cyclones,Sentinel-1,POST,COPERNICUS/S1_GRD/S1A_IW_GRDH_1SDV_20171207T003256_20171207T003324_019589_021456_3D9E,1SDV,GEE,https://earthengine.googleapis.com,data/tamil_nadu/raw/TN_OCKHI_2017/sentinel1/TN_OCKHI_2017_S1_POST.tif,18.55,633be5ad8a6ecb4a529456a002bbe02f3396f39a6b7fd966a6e9eef13937ecc6,EPSG:32643,10.0,1665,1671,"BoundingBox(left=771610.0, bottom=886770.0, right=788260.0, top=903480.0)",N/A,100.0,1.0,S1_TIER_2 = GOOD,PASS
TN_OCKHI_2017,Cyclone Ockhi 2017,Kanyakumari,cyclones,Sentinel-1,PRE,COPERNICUS/S1_GRD/S1A_IW_GRDH_1SDV_20171113T003257_20171113T003325_019239_020957_4E88,1SDV,GEE,https://earthengine.googleapis.com,data/tamil_nadu/processed/TN_OCKHI_2017/sentinel1/TN_OCKHI_2017_S1_PRE.tif,21.24,05fa2ad2cde8c0552cba0fee272490966f2e4ba6d9cde87e0906182f7f866491,EPSG:32643,10.0,1665,1671,"BoundingBox(left=771610.0, bottom=886770.0, right=788260.0, top=903480.0)",N/A,100.0,1.0,S1_TIER_2 = GOOD,PASS
TN_OCKHI_2017,Cyclone Ockhi 2017,Kanyakumari,cyclones,Sentinel-1,POST,COPERNICUS/S1_GRD/S1A_IW_GRDH_1SDV_20171207T003256_20171207T003324_019589_021456_3D9E,1SDV,GEE,https://earthengine.googleapis.com,data/tamil_nadu/processed/TN_OCKHI_2017/sentinel1/TN_OCKHI_2017_S1_POST.tif,21.24,a5d2b284c458dc3fc409550843cd94fc80b8cd2d874a3fee9d8ef9cb7641ddb9,EPSG:32643,10.0,1665,1671,"BoundingBox(left=771610.0, bottom=886770.0, right=788260.0, top=903480.0)",N/A,100.0,1.0,S1_TIER_2 = GOOD,PASS
TN_FENGAL_2024,Cyclone Fengal 2024,Villupuram,cyclones,Sentinel-1,PRE,COPERNICUS/S1_GRD/S1A_IW_GRDH_1SDV_20241112T003223_20241112T003248_056514_06EDA5_9877,1SDV,GEE,https://earthengine.googleapis.com,data/tamil_nadu/raw/TN_FENGAL_2024/sentinel1/TN_FENGAL_2024_S1_PRE.tif,18.38,7e10cfd618102b9deca0652bb3429fb80f5c989455c2ce60108c468b824deb02,EPSG:32644,10.0,1642,1667,"BoundingBox(left=362210.0, bottom=1311860.0, right=378630.0, top=1328530.0)",N/A,100.0,1.0,S1_TIER_2 = GOOD,PASS
TN_FENGAL_2024,Cyclone Fengal 2024,Villupuram,cyclones,Sentinel-1,POST,COPERNICUS/S1_GRD/S1A_IW_GRDH_1SDV_20241206T003221_20241206T003246_056864_06FB8D_9FDB,1SDV,GEE,https://earthengine.googleapis.com,data/tamil_nadu/raw/TN_FENGAL_2024/sentinel1/TN_FENGAL_2024_S1_POST.tif,18.43,2ab0a3503d3ed5134546c1ab228a2ca0eb98b3e0993b242e8aa65deaccce43d2,EPSG:32644,10.0,1642,1667,"BoundingBox(left=362210.0, bottom=1311860.0, right=378630.0, top=1328530.0)",N/A,100.0,1.0,S1_TIER_2 = GOOD,PASS
TN_FENGAL_2024,Cyclone Fengal 2024,Villupuram,cyclones,Sentinel-1,PRE,COPERNICUS/S1_GRD/S1A_IW_GRDH_1SDV_20241112T003223_20241112T003248_056514_06EDA5_9877,1SDV,GEE,https://earthengine.googleapis.com,data/tamil_nadu/processed/TN_FENGAL_2024/sentinel1/TN_FENGAL_2024_S1_PRE.tif,20.89,7e83063632a00da69585721df73b8e6251feb8dba0b70cdbec78d431256e455b,EPSG:32644,10.0,1642,1667,"BoundingBox(left=362210.0, bottom=1311860.0, right=378630.0, top=1328530.0)",N/A,100.0,1.0,S1_TIER_2 = GOOD,PASS
TN_FENGAL_2024,Cyclone Fengal 2024,Villupuram,cyclones,Sentinel-1,POST,COPERNICUS/S1_GRD/S1A_IW_GRDH_1SDV_20241206T003221_20241206T003246_056864_06FB8D_9FDB,1SDV,GEE,https://earthengine.googleapis.com,data/tamil_nadu/processed/TN_FENGAL_2024/sentinel1/TN_FENGAL_2024_S1_POST.tif,20.89,d86865b94901856bc523df76464e4e98f31330787c18d52b119bb5431683beee,EPSG:32644,10.0,1642,1667,"BoundingBox(left=362210.0, bottom=1311860.0, right=378630.0, top=1328530.0)",N/A,100.0,1.0,S1_TIER_2 = GOOD,PASS
TN_CHENNAI_FLOOD_2021,Chennai Floods 2021,Chennai,floods,Sentinel-1,PRE,COPERNICUS/S1_GRD/S1A_IW_GRDH_1SDV_20211023T003148_20211023T003213_040239_04C461_42A6,1SDV,GEE,https://earthengine.googleapis.com,data/tamil_nadu/raw/TN_CHENNAI_FLOOD_2021/sentinel1/TN_CHENNAI_FLOOD_2021_S1_PRE.tif,2.52,ee9ddddaadab94b53aa2e8b83b5566c0ddd5b7bb9ba49d88c8ba34c38b3aec0d,EPSG:32644,10.0,1632,1665,"BoundingBox(left=412780.0, bottom=1438070.0, right=429100.0, top=1454720.0)",N/A,13.67,1.0,S1_TIER_2 = GOOD,PASS
TN_CHENNAI_FLOOD_2021,Chennai Floods 2021,Chennai,floods,Sentinel-1,POST,COPERNICUS/S1_GRD/S1A_IW_GRDH_1SDV_20211116T003147_20211116T003212_040589_04D094_DB41,1SDV,GEE,https://earthengine.googleapis.com,data/tamil_nadu/raw/TN_CHENNAI_FLOOD_2021/sentinel1/TN_CHENNAI_FLOOD_2021_S1_POST.tif,2.51,f7fa19a574d35a97a887b748de6e946b71bc2e645c23172eeda7c892f48dbe2b,EPSG:32644,10.0,1632,1665,"BoundingBox(left=412780.0, bottom=1438070.0, right=429100.0, top=1454720.0)",N/A,13.58,1.0,S1_TIER_2 = GOOD,PASS
TN_CHENNAI_FLOOD_2021,Chennai Floods 2021,Chennai,floods,Sentinel-2,PRE,COPERNICUS/S2_SR_HARMONIZED/20211027T045911_20211027T050927_T44PMV,20211027,GEE,https://earthengine.googleapis.com,data/tamil_nadu/raw/TN_CHENNAI_FLOOD_2021/sentinel2/TN_CHENNAI_FLOOD_2021_S2_PRE.tif,14.59,7263196a3bbdd4a2e11603b39ab5fd417a84872ca947934894f1d578c8c83d50,EPSG:32644,10.0,1632,1665,"BoundingBox(left=412780.0, bottom=1438070.0, right=429100.0, top=1454720.0)",12.7,100.0,1.0,S2_TIER_2 = GOOD,PASS
TN_CHENNAI_FLOOD_2021,Chennai Floods 2021,Chennai,floods,Sentinel-2,POST,COPERNICUS/S2_SR_HARMONIZED/20211206T050201_20211206T050201_T44PMV,20211206,GEE,https://earthengine.googleapis.com,data/tamil_nadu/raw/TN_CHENNAI_FLOOD_2021/sentinel2/TN_CHENNAI_FLOOD_2021_S2_POST.tif,14.53,1744dbfe753546cddef9f75bb7d3f1fee5e34e7c00222205ac0d1ae2b65820d8,EPSG:32644,10.0,1632,1665,"BoundingBox(left=412780.0, bottom=1438070.0, right=429100.0, top=1454720.0)",11.47,100.0,1.0,S2_TIER_2 = GOOD,PASS
TN_CHENNAI_FLOOD_2021,Chennai Floods 2021,Chennai,floods,Sentinel-1,PRE,COPERNICUS/S1_GRD/S1A_IW_GRDH_1SDV_20211023T003148_20211023T003213_040239_04C461_42A6,1SDV,GEE,https://earthengine.googleapis.com,data/tamil_nadu/processed/TN_CHENNAI_FLOOD_2021/sentinel1/TN_CHENNAI_FLOOD_2021_S1_PRE.tif,20.74,b7467bff06f8193277da9a62a21e4362e3ee2a5b42fde4fcca8b03e1347105c6,EPSG:32644,10.0,1632,1665,"BoundingBox(left=412780.0, bottom=1438070.0, right=429100.0, top=1454720.0)",N/A,13.67,1.0,S1_TIER_2 = GOOD,PASS
TN_CHENNAI_FLOOD_2021,Chennai Floods 2021,Chennai,floods,Sentinel-1,POST,COPERNICUS/S1_GRD/S1A_IW_GRDH_1SDV_20211116T003147_20211116T003212_040589_04D094_DB41,1SDV,GEE,https://earthengine.googleapis.com,data/tamil_nadu/processed/TN_CHENNAI_FLOOD_2021/sentinel1/TN_CHENNAI_FLOOD_2021_S1_POST.tif,20.74,27ef366250e34e77d2ebb06050aa61ef9532df69a1d1d33a73cf8521f9cb3bcc,EPSG:32644,10.0,1632,1665,"BoundingBox(left=412780.0, bottom=1438070.0, right=429100.0, top=1454720.0)",N/A,13.58,1.0,S1_TIER_2 = GOOD,PASS
TN_CHENNAI_FLOOD_2021,Chennai Floods 2021,Chennai,floods,Sentinel-2,PRE,COPERNICUS/S2_SR_HARMONIZED/20211027T045911_20211027T050927_T44PMV,20211027,GEE,https://earthengine.googleapis.com,data/tamil_nadu/processed/TN_CHENNAI_FLOOD_2021/sentinel2/TN_CHENNAI_FLOOD_2021_S2_PRE.tif,20.74,c6f833dd295103ca1a8b1c8ff590ae79fe5403c8d2bc482e6c038bcb9ee0321a,EPSG:32644,10.0,1632,1665,"BoundingBox(left=412780.0, bottom=1438070.0, right=429100.0, top=1454720.0)",12.7,100.0,1.0,S2_TIER_2 = GOOD,PASS
TN_CHENNAI_FLOOD_2021,Chennai Floods 2021,Chennai,floods,Sentinel-2,POST,COPERNICUS/S2_SR_HARMONIZED/20211206T050201_20211206T050201_T44PMV,20211206,GEE,https://earthengine.googleapis.com,data/tamil_nadu/processed/TN_CHENNAI_FLOOD_2021/sentinel2/TN_CHENNAI_FLOOD_2021_S2_POST.tif,20.74,7fb4147e439d115b08139364a3be2e73a7350d8e72b30c0bbc7fbab6170616c6,EPSG:32644,10.0,1632,1665,"BoundingBox(left=412780.0, bottom=1438070.0, right=429100.0, top=1454720.0)",11.47,100.0,1.0,S2_TIER_2 = GOOD,PASS
TN_BUREVI_2020,Cyclone Burevi 2020,Thoothukudi,cyclones,Sentinel-1,PRE,COPERNICUS/S1_GRD/S1A_IW_GRDH_1SDV_20201121T003256_20201121T003321_035339_0420EC_79D9,1SDV,GEE,https://earthengine.googleapis.com,data/tamil_nadu/raw/TN_BUREVI_2020/sentinel1/TN_BUREVI_2020_S1_PRE.tif,4.86,5df3eb75fefcff376ceed429e1dc45e9dadbb28264585f171981fd795b71d85d,EPSG:32644,10.0,1665,1674,"BoundingBox(left=177030.0, bottom=966680.0, right=193680.0, top=983420.0)",N/A,26.28,1.0,S1_TIER_1 = EXCELLENT,PASS
TN_BUREVI_2020,Cyclone Burevi 2020,Thoothukudi,cyclones,Sentinel-1,POST,COPERNICUS/S1_GRD/S1B_IW_GRDH_1SDV_20201209T003225_20201209T003250_024618_02ED66_ECB6,1SDV,GEE,https://earthengine.googleapis.com,data/tamil_nadu/raw/TN_BUREVI_2020/sentinel1/TN_BUREVI_2020_S1_POST.tif,18.56,5b90a5b8b8d75d0cb177dd58da785ca1f00359383d2b0a36d58e186b9755f79a,EPSG:32644,10.0,1665,1674,"BoundingBox(left=177030.0, bottom=966680.0, right=193680.0, top=983420.0)",N/A,100.0,1.0,S1_TIER_1 = EXCELLENT,PASS
TN_BUREVI_2020,Cyclone Burevi 2020,Thoothukudi,cyclones,Sentinel-2,PRE,COPERNICUS/S2_SR_HARMONIZED/20201109T051029_20201109T052134_T43PHK,20201109,GEE,https://earthengine.googleapis.com,data/tamil_nadu/raw/TN_BUREVI_2020/sentinel2/TN_BUREVI_2020_S2_PRE.tif,16.06,504a6657f5bf89357e415d69703b196cac5995b2fadc36f684f3b6c90581daeb,EPSG:32644,10.0,1665,1674,"BoundingBox(left=177030.0, bottom=966680.0, right=193680.0, top=983420.0)",1.09,99.97,1.0,S2_TIER_3 = SUPPORTING,PASS
TN_BUREVI_2020,Cyclone Burevi 2020,Thoothukudi,cyclones,Sentinel-2,POST,COPERNICUS/S2_SR_HARMONIZED/20201209T051209_20201209T051421_T43PHK,20201209,GEE,https://earthengine.googleapis.com,data/tamil_nadu/raw/TN_BUREVI_2020/sentinel2/TN_BUREVI_2020_S2_POST.tif,16.52,da0cc897ab5b1681769d84f8336a39d7b470ab119af638e465d56ca9d4c18360,EPSG:32644,10.0,1665,1674,"BoundingBox(left=177030.0, bottom=966680.0, right=193680.0, top=983420.0)",17.37,100.0,1.0,S2_TIER_3 = SUPPORTING,PASS
TN_BUREVI_2020,Cyclone Burevi 2020,Thoothukudi,cyclones,Sentinel-1,PRE,COPERNICUS/S1_GRD/S1A_IW_GRDH_1SDV_20201121T003256_20201121T003321_035339_0420EC_79D9,1SDV,GEE,https://earthengine.googleapis.com,data/tamil_nadu/processed/TN_BUREVI_2020/sentinel1/TN_BUREVI_2020_S1_PRE.tif,21.27,477f724e69c624f2bf4dd8b14c2bf896614026d114b84e3b30d206b5bdb35284,EPSG:32644,10.0,1665,1674,"BoundingBox(left=177030.0, bottom=966680.0, right=193680.0, top=983420.0)",N/A,26.28,1.0,S1_TIER_1 = EXCELLENT,PASS
TN_BUREVI_2020,Cyclone Burevi 2020,Thoothukudi,cyclones,Sentinel-1,POST,COPERNICUS/S1_GRD/S1B_IW_GRDH_1SDV_20201209T003225_20201209T003250_024618_02ED66_ECB6,1SDV,GEE,https://earthengine.googleapis.com,data/tamil_nadu/processed/TN_BUREVI_2020/sentinel1/TN_BUREVI_2020_S1_POST.tif,21.27,56d1e60bb9dce9c3419818cdcbcb2cebb9d36658aaa0f007db02f51a55765c36,EPSG:32644,10.0,1665,1674,"BoundingBox(left=177030.0, bottom=966680.0, right=193680.0, top=983420.0)",N/A,100.0,1.0,S1_TIER_1 = EXCELLENT,PASS
TN_BUREVI_2020,Cyclone Burevi 2020,Thoothukudi,cyclones,Sentinel-2,PRE,COPERNICUS/S2_SR_HARMONIZED/20201109T051029_20201109T052134_T43PHK,20201109,GEE,https://earthengine.googleapis.com,data/tamil_nadu/processed/TN_BUREVI_2020/sentinel2/TN_BUREVI_2020_S2_PRE.tif,21.27,5d9e5a645dcb57370d7dfe29c1e1c6ed8ddc110124f7a6a10bd59d8a2e18f0b8,EPSG:32644,10.0,1665,1674,"BoundingBox(left=177030.0, bottom=966680.0, right=193680.0, top=983420.0)",1.09,99.97,1.0,S2_TIER_3 = SUPPORTING,PASS
TN_BUREVI_2020,Cyclone Burevi 2020,Thoothukudi,cyclones,Sentinel-2,POST,COPERNICUS/S2_SR_HARMONIZED/20201209T051209_20201209T051421_T43PHK,20201209,GEE,https://earthengine.googleapis.com,data/tamil_nadu/processed/TN_BUREVI_2020/sentinel2/TN_BUREVI_2020_S2_POST.tif,21.27,ed9177de2bf81271884d8d1c90c61cead034c65df94897d1ab04cf2b6d8d331f,EPSG:32644,10.0,1665,1674,"BoundingBox(left=177030.0, bottom=966680.0, right=193680.0, top=983420.0)",17.37,100.0,1.0,S2_TIER_3 = SUPPORTING,PASS
TN_NADA_2016,Cyclone Nada 2016,Cuddalore,cyclones,Sentinel-1,PRE,COPERNICUS/S1_GRD/S1A_IW_GRDH_1SDV_20161118T003200_20161118T003225_013989_0168A8_257A,1SDV,GEE,https://earthengine.googleapis.com,data/tamil_nadu/raw/TN_NADA_2016/sentinel1/TN_NADA_2016_S1_PRE.tif,18.19,e4eb3fdae06fbf2a2cf34f6b0246b5e3590698e457f657e917a6f3a5578ce30c,EPSG:32644,10.0,1643,1667,"BoundingBox(left=357910.0, bottom=1290650.0, right=374340.0, top=1307320.0)",N/A,100.0,1.0,S1_TIER_1 = EXCELLENT,PASS
TN_NADA_2016,Cyclone Nada 2016,Cuddalore,cyclones,Sentinel-1,POST,COPERNICUS/S1_GRD/S1A_IW_GRDH_1SDV_20161212T003200_20161212T003225_014339_0173A0_B2A0,1SDV,GEE,https://earthengine.googleapis.com,data/tamil_nadu/raw/TN_NADA_2016/sentinel1/TN_NADA_2016_S1_POST.tif,18.2,70f7c1f681f2ad8ae5d266aa472b412d12b3830724f174ce29b44a8e9adeb3b9,EPSG:32644,10.0,1643,1667,"BoundingBox(left=357910.0, bottom=1290650.0, right=374340.0, top=1307320.0)",N/A,100.0,1.0,S1_TIER_1 = EXCELLENT,PASS
TN_NADA_2016,Cyclone Nada 2016,Cuddalore,cyclones,Sentinel-1,PRE,COPERNICUS/S1_GRD/S1A_IW_GRDH_1SDV_20161118T003200_20161118T003225_013989_0168A8_257A,1SDV,GEE,https://earthengine.googleapis.com,data/tamil_nadu/processed/TN_NADA_2016/sentinel1/TN_NADA_2016_S1_PRE.tif,20.91,49f8f79c98b2874e5a8a8e6323b14efc5c0f673d93bbf01293830039363f0375,EPSG:32644,10.0,1643,1667,"BoundingBox(left=357910.0, bottom=1290650.0, right=374340.0, top=1307320.0)",N/A,100.0,1.0,S1_TIER_1 = EXCELLENT,PASS
TN_NADA_2016,Cyclone Nada 2016,Cuddalore,cyclones,Sentinel-1,POST,COPERNICUS/S1_GRD/S1A_IW_GRDH_1SDV_20161212T003200_20161212T003225_014339_0173A0_B2A0,1SDV,GEE,https://earthengine.googleapis.com,data/tamil_nadu/processed/TN_NADA_2016/sentinel1/TN_NADA_2016_S1_POST.tif,20.91,7f4169abab508dc6aeefab1c56edbc46ba234f6fd3d7114133e37c690a9b6f51,EPSG:32644,10.0,1643,1667,"BoundingBox(left=357910.0, bottom=1290650.0, right=374340.0, top=1307320.0)",N/A,100.0,1.0,S1_TIER_1 = EXCELLENT,PASS
