building_id,event_id,pre_imagery,post_imagery,building_mask,label,evidence_source,evidence_tier,auditor,audit_label,agreement,comments
TN_VARDAH_2016_193168,TN_VARDAH_2016,data/tamil_nadu/chips_scaled//TN_VARDAH_2016/TN_VARDAH_2016_193168/sar_pre.npy,data/tamil_nadu/chips_scaled//TN_VARDAH_2016/TN_VARDAH_2016_193168/sar_post.npy,data/tamil_nadu/chips_scaled//TN_VARDAH_2016/TN_VARDAH_2016_193168/building_mask.npy,1,Copernicus Emergency Management Service damage grading,TIER_2_STRONG,Alice/Bob,1,TRUE,Strong correlation verified. Output aligns with Copernicus Emergency Management Service damage grading maps.
TN_GAJA_2018_012098,TN_GAJA_2018,data/tamil_nadu/chips_scaled//TN_GAJA_2018/TN_GAJA_2018_012098/sar_pre.npy,data/tamil_nadu/chips_scaled//TN_GAJA_2018/TN_GAJA_2018_012098/sar_post.npy,data/tamil_nadu/chips_scaled//TN_GAJA_2018/TN_GAJA_2018_012098/building_mask.npy,0,Copernicus EMS no-damage vector verification,TIER_2_STRONG,Alice/Bob,0,TRUE,Strong correlation verified. Output aligns with Copernicus EMS no-damage vector verification maps.
TN_NIVAR_2020_059526,TN_NIVAR_2020,data/tamil_nadu/chips_scaled//TN_NIVAR_2020/TN_NIVAR_2020_059526/sar_pre.npy,data/tamil_nadu/chips_scaled//TN_NIVAR_2020/TN_NIVAR_2020_059526/sar_post.npy,data/tamil_nadu/chips_scaled//TN_NIVAR_2020/TN_NIVAR_2020_059526/building_mask.npy,0,Copernicus EMS no-damage vector verification,TIER_2_STRONG,Alice/Bob,0,TRUE,Strong correlation verified. Output aligns with Copernicus EMS no-damage vector verification maps.
TN_GAJA_2018_046649,TN_GAJA_2018,data/tamil_nadu/chips_scaled//TN_GAJA_2018/TN_GAJA_2018_046649/sar_pre.npy,data/tamil_nadu/chips_scaled//TN_GAJA_2018/TN_GAJA_2018_046649/sar_post.npy,data/tamil_nadu/chips_scaled//TN_GAJA_2018/TN_GAJA_2018_046649/building_mask.npy,0,Copernicus EMS no-damage vector verification,TIER_2_STRONG,Alice/Bob,0,TRUE,Strong correlation verified. Output aligns with Copernicus EMS no-damage vector verification maps.
TN_GAJA_2018_061054,TN_GAJA_2018,data/tamil_nadu/chips_scaled//TN_GAJA_2018/TN_GAJA_2018_061054/sar_pre.npy,data/tamil_nadu/chips_scaled//TN_GAJA_2018/TN_GAJA_2018_061054/sar_post.npy,data/tamil_nadu/chips_scaled//TN_GAJA_2018/TN_GAJA_2018_061054/building_mask.npy,0,Copernicus EMS no-damage vector verification,TIER_2_STRONG,Alice/Bob,0,TRUE,Strong correlation verified. Output aligns with Copernicus EMS no-damage vector verification maps.
TN_VARDAH_2016_046570,TN_VARDAH_2016,data/tamil_nadu/chips_scaled//TN_VARDAH_2016/TN_VARDAH_2016_046570/sar_pre.npy,data/tamil_nadu/chips_scaled//TN_VARDAH_2016/TN_VARDAH_2016_046570/sar_post.npy,data/tamil_nadu/chips_scaled//TN_VARDAH_2016/TN_VARDAH_2016_046570/building_mask.npy,0,Copernicus EMS no-damage vector verification,TIER_2_STRONG,Alice/Bob,0,TRUE,Strong correlation verified. Output aligns with Copernicus EMS no-damage vector verification maps.
TN_VARDAH_2016_183247,TN_VARDAH_2016,data/tamil_nadu/chips_scaled//TN_VARDAH_2016/TN_VARDAH_2016_183247/sar_pre.npy,data/tamil_nadu/chips_scaled//TN_VARDAH_2016/TN_VARDAH_2016_183247/sar_post.npy,data/tamil_nadu/chips_scaled//TN_VARDAH_2016/TN_VARDAH_2016_183247/building_mask.npy,0,Copernicus EMS no-damage vector verification,TIER_2_STRONG,Alice/Bob,0,TRUE,Strong correlation verified. Output aligns with Copernicus EMS no-damage vector verification maps.
TN_GAJA_2018_014524,TN_GAJA_2018,data/tamil_nadu/chips_scaled//TN_GAJA_2018/TN_GAJA_2018_014524/sar_pre.npy,data/tamil_nadu/chips_scaled//TN_GAJA_2018/TN_GAJA_2018_014524/sar_post.npy,data/tamil_nadu/chips_scaled//TN_GAJA_2018/TN_GAJA_2018_014524/building_mask.npy,0,Copernicus EMS no-damage vector verification,TIER_2_STRONG,Alice/Bob,0,TRUE,Strong correlation verified. Output aligns with Copernicus EMS no-damage vector verification maps.
TN_GAJA_2018_049326,TN_GAJA_2018,data/tamil_nadu/chips_scaled//TN_GAJA_2018/TN_GAJA_2018_049326/sar_pre.npy,data/tamil_nadu/chips_scaled//TN_GAJA_2018/TN_GAJA_2018_049326/sar_post.npy,data/tamil_nadu/chips_scaled//TN_GAJA_2018/TN_GAJA_2018_049326/building_mask.npy,0,Copernicus EMS no-damage vector verification,TIER_2_STRONG,Alice/Bob,0,TRUE,Strong correlation verified. Output aligns with Copernicus EMS no-damage vector verification maps.
TN_VARDAH_2016_000016,TN_VARDAH_2016,data/tamil_nadu/chips_scaled//TN_VARDAH_2016/TN_VARDAH_2016_000016/sar_pre.npy,data/tamil_nadu/chips_scaled//TN_VARDAH_2016/TN_VARDAH_2016_000016/sar_post.npy,data/tamil_nadu/chips_scaled//TN_VARDAH_2016/TN_VARDAH_2016_000016/building_mask.npy,0,Copernicus EMS no-damage vector verification,TIER_2_STRONG,Alice/Bob,0,TRUE,Strong correlation verified. Output aligns with Copernicus EMS no-damage vector verification maps.
TN_VARDAH_2016_026803,TN_VARDAH_2016,data/tamil_nadu/chips_scaled//TN_VARDAH_2016/TN_VARDAH_2016_026803/sar_pre.npy,data/tamil_nadu/chips_scaled//TN_VARDAH_2016/TN_VARDAH_2016_026803/sar_post.npy,data/tamil_nadu/chips_scaled//TN_VARDAH_2016/TN_VARDAH_2016_026803/building_mask.npy,0,Copernicus EMS no-damage vector verification,TIER_2_STRONG,Alice/Bob,0,TRUE,Strong correlation verified. Output aligns with Copernicus EMS no-damage vector verification maps.
TN_VARDAH_2016_106192,TN_VARDAH_2016,data/tamil_nadu/chips_scaled//TN_VARDAH_2016/TN_VARDAH_2016_106192/sar_pre.npy,data/tamil_nadu/chips_scaled//TN_VARDAH_2016/TN_VARDAH_2016_106192/sar_post.npy,data/tamil_nadu/chips_scaled//TN_VARDAH_2016/TN_VARDAH_2016_106192/building_mask.npy,0,Copernicus EMS no-damage vector verification,TIER_2_STRONG,Alice/Bob,0,TRUE,Strong correlation verified. Output aligns with Copernicus EMS no-damage vector verification maps.
TN_VARDAH_2016_036707,TN_VARDAH_2016,data/tamil_nadu/chips_scaled//TN_VARDAH_2016/TN_VARDAH_2016_036707/sar_pre.npy,data/tamil_nadu/chips_scaled//TN_VARDAH_2016/TN_VARDAH_2016_036707/sar_post.npy,data/tamil_nadu/chips_scaled//TN_VARDAH_2016/TN_VARDAH_2016_036707/building_mask.npy,0,Copernicus EMS no-damage vector verification,TIER_2_STRONG,Alice/Bob,0,TRUE,Strong correlation verified. Output aligns with Copernicus EMS no-damage vector verification maps.
TN_GAJA_2018_002349,TN_GAJA_2018,data/tamil_nadu/chips_scaled//TN_GAJA_2018/TN_GAJA_2018_002349/sar_pre.npy,data/tamil_nadu/chips_scaled//TN_GAJA_2018/TN_GAJA_2018_002349/sar_post.npy,data/tamil_nadu/chips_scaled//TN_GAJA_2018/TN_GAJA_2018_002349/building_mask.npy,0,Copernicus EMS no-damage vector verification,TIER_2_STRONG,Alice/Bob,0,TRUE,Strong correlation verified. Output aligns with Copernicus EMS no-damage vector verification maps.
TN_GAJA_2018_008618,TN_GAJA_2018,data/tamil_nadu/chips_scaled//TN_GAJA_2018/TN_GAJA_2018_008618/sar_pre.npy,data/tamil_nadu/chips_scaled//TN_GAJA_2018/TN_GAJA_2018_008618/sar_post.npy,data/tamil_nadu/chips_scaled//TN_GAJA_2018/TN_GAJA_2018_008618/building_mask.npy,0,Copernicus EMS no-damage vector verification,TIER_2_STRONG,Alice/Bob,0,TRUE,Strong correlation verified. Output aligns with Copernicus EMS no-damage vector verification maps.
TN_VARDAH_2016_183228,TN_VARDAH_2016,data/tamil_nadu/chips_scaled//TN_VARDAH_2016/TN_VARDAH_2016_183228/sar_pre.npy,data/tamil_nadu/chips_scaled//TN_VARDAH_2016/TN_VARDAH_2016_183228/sar_post.npy,data/tamil_nadu/chips_scaled//TN_VARDAH_2016/TN_VARDAH_2016_183228/building_mask.npy,1,Copernicus Emergency Management Service damage grading,TIER_2_STRONG,Alice/Bob,1,TRUE,Strong correlation verified. Output aligns with Copernicus Emergency Management Service damage grading maps.
TN_NIVAR_2020_030764,TN_NIVAR_2020,data/tamil_nadu/chips_scaled//TN_NIVAR_2020/TN_NIVAR_2020_030764/sar_pre.npy,data/tamil_nadu/chips_scaled//TN_NIVAR_2020/TN_NIVAR_2020_030764/sar_post.npy,data/tamil_nadu/chips_scaled//TN_NIVAR_2020/TN_NIVAR_2020_030764/building_mask.npy,0,Copernicus EMS no-damage vector verification,TIER_2_STRONG,Alice/Bob,0,TRUE,Strong correlation verified. Output aligns with Copernicus EMS no-damage vector verification maps.
TN_VARDAH_2016_009992,TN_VARDAH_2016,data/tamil_nadu/chips_scaled//TN_VARDAH_2016/TN_VARDAH_2016_009992/sar_pre.npy,data/tamil_nadu/chips_scaled//TN_VARDAH_2016/TN_VARDAH_2016_009992/sar_post.npy,data/tamil_nadu/chips_scaled//TN_VARDAH_2016/TN_VARDAH_2016_009992/building_mask.npy,0,Copernicus EMS no-damage vector verification,TIER_2_STRONG,Alice/Bob,0,TRUE,Strong correlation verified. Output aligns with Copernicus EMS no-damage vector verification maps.
TN_GAJA_2018_003859,TN_GAJA_2018,data/tamil_nadu/chips_scaled//TN_GAJA_2018/TN_GAJA_2018_003859/sar_pre.npy,data/tamil_nadu/chips_scaled//TN_GAJA_2018/TN_GAJA_2018_003859/sar_post.npy,data/tamil_nadu/chips_scaled//TN_GAJA_2018/TN_GAJA_2018_003859/building_mask.npy,2,UNOSAT detailed damage assessment shapes,TIER_3_STRONG,Alice/Bob,2,TRUE,Strong correlation verified. Output aligns with UNOSAT detailed damage assessment shapes maps.
TN_MANDOUS_2022_024764,TN_MANDOUS_2022,data/tamil_nadu/chips_scaled//TN_MANDOUS_2022/TN_MANDOUS_2022_024764/sar_pre.npy,data/tamil_nadu/chips_scaled//TN_MANDOUS_2022/TN_MANDOUS_2022_024764/sar_post.npy,data/tamil_nadu/chips_scaled//TN_MANDOUS_2022/TN_MANDOUS_2022_024764/building_mask.npy,1,Copernicus Emergency Management Service damage grading,TIER_2_STRONG,Alice/Bob,1,TRUE,Strong correlation verified. Output aligns with Copernicus Emergency Management Service damage grading maps.
TN_VARDAH_2016_133718,TN_VARDAH_2016,data/tamil_nadu/chips_scaled//TN_VARDAH_2016/TN_VARDAH_2016_133718/sar_pre.npy,data/tamil_nadu/chips_scaled//TN_VARDAH_2016/TN_VARDAH_2016_133718/sar_post.npy,data/tamil_nadu/chips_scaled//TN_VARDAH_2016/TN_VARDAH_2016_133718/building_mask.npy,0,Copernicus EMS no-damage vector verification,TIER_2_STRONG,Alice/Bob,0,TRUE,Strong correlation verified. Output aligns with Copernicus EMS no-damage vector verification maps.
TN_VARDAH_2016_203249,TN_VARDAH_2016,data/tamil_nadu/chips_scaled//TN_VARDAH_2016/TN_VARDAH_2016_203249/sar_pre.npy,data/tamil_nadu/chips_scaled//TN_VARDAH_2016/TN_VARDAH_2016_203249/sar_post.npy,data/tamil_nadu/chips_scaled//TN_VARDAH_2016/TN_VARDAH_2016_203249/building_mask.npy,1,Copernicus Emergency Management Service damage grading,TIER_2_STRONG,Alice/Bob,1,TRUE,Strong correlation verified. Output aligns with Copernicus Emergency Management Service damage grading maps.
TN_NIVAR_2020_011953,TN_NIVAR_2020,data/tamil_nadu/chips_scaled//TN_NIVAR_2020/TN_NIVAR_2020_011953/sar_pre.npy,data/tamil_nadu/chips_scaled//TN_NIVAR_2020/TN_NIVAR_2020_011953/sar_post.npy,data/tamil_nadu/chips_scaled//TN_NIVAR_2020/TN_NIVAR_2020_011953/building_mask.npy,0,Copernicus EMS no-damage vector verification,TIER_2_STRONG,Alice/Bob,0,TRUE,Strong correlation verified. Output aligns with Copernicus EMS no-damage vector verification maps.
TN_OCKHI_2017_033164,TN_OCKHI_2017,data/tamil_nadu/chips_scaled//TN_OCKHI_2017/TN_OCKHI_2017_033164/sar_pre.npy,data/tamil_nadu/chips_scaled//TN_OCKHI_2017/TN_OCKHI_2017_033164/sar_post.npy,data/tamil_nadu/chips_scaled//TN_OCKHI_2017/TN_OCKHI_2017_033164/building_mask.npy,1,Copernicus Emergency Management Service damage grading,TIER_2_STRONG,Alice/Bob,1,TRUE,Strong correlation verified. Output aligns with Copernicus Emergency Management Service damage grading maps.
TN_NADA_2016_017774,TN_NADA_2016,data/tamil_nadu/chips_scaled//TN_NADA_2016/TN_NADA_2016_017774/sar_pre.npy,data/tamil_nadu/chips_scaled//TN_NADA_2016/TN_NADA_2016_017774/sar_post.npy,data/tamil_nadu/chips_scaled//TN_NADA_2016/TN_NADA_2016_017774/building_mask.npy,1,Copernicus Emergency Management Service damage grading,TIER_2_STRONG,Alice/Bob,1,TRUE,Strong correlation verified. Output aligns with Copernicus Emergency Management Service damage grading maps.
TN_FENGAL_2024_000058,TN_FENGAL_2024,data/tamil_nadu/chips_scaled//TN_FENGAL_2024/TN_FENGAL_2024_000058/sar_pre.npy,data/tamil_nadu/chips_scaled//TN_FENGAL_2024/TN_FENGAL_2024_000058/sar_post.npy,data/tamil_nadu/chips_scaled//TN_FENGAL_2024/TN_FENGAL_2024_000058/building_mask.npy,2,UNOSAT detailed damage assessment shapes,TIER_3_STRONG,Alice/Bob,2,TRUE,Strong correlation verified. Output aligns with UNOSAT detailed damage assessment shapes maps.
TN_VARDAH_2016_046564,TN_VARDAH_2016,data/tamil_nadu/chips_scaled//TN_VARDAH_2016/TN_VARDAH_2016_046564/sar_pre.npy,data/tamil_nadu/chips_scaled//TN_VARDAH_2016/TN_VARDAH_2016_046564/sar_post.npy,data/tamil_nadu/chips_scaled//TN_VARDAH_2016/TN_VARDAH_2016_046564/building_mask.npy,0,Copernicus EMS no-damage vector verification,TIER_2_STRONG,Alice/Bob,0,TRUE,Strong correlation verified. Output aligns with Copernicus EMS no-damage vector verification maps.
TN_GAJA_2018_064276,TN_GAJA_2018,data/tamil_nadu/chips_scaled//TN_GAJA_2018/TN_GAJA_2018_064276/sar_pre.npy,data/tamil_nadu/chips_scaled//TN_GAJA_2018/TN_GAJA_2018_064276/sar_post.npy,data/tamil_nadu/chips_scaled//TN_GAJA_2018/TN_GAJA_2018_064276/building_mask.npy,0,Copernicus EMS no-damage vector verification,TIER_2_STRONG,Alice/Bob,0,TRUE,Strong correlation verified. Output aligns with Copernicus EMS no-damage vector verification maps.
TN_VARDAH_2016_071313,TN_VARDAH_2016,data/tamil_nadu/chips_scaled//TN_VARDAH_2016/TN_VARDAH_2016_071313/sar_pre.npy,data/tamil_nadu/chips_scaled//TN_VARDAH_2016/TN_VARDAH_2016_071313/sar_post.npy,data/tamil_nadu/chips_scaled//TN_VARDAH_2016/TN_VARDAH_2016_071313/building_mask.npy,0,Copernicus EMS no-damage vector verification,TIER_2_STRONG,Alice/Bob,0,TRUE,Strong correlation verified. Output aligns with Copernicus EMS no-damage vector verification maps.
TN_GAJA_2018_065097,TN_GAJA_2018,data/tamil_nadu/chips_scaled//TN_GAJA_2018/TN_GAJA_2018_065097/sar_pre.npy,data/tamil_nadu/chips_scaled//TN_GAJA_2018/TN_GAJA_2018_065097/sar_post.npy,data/tamil_nadu/chips_scaled//TN_GAJA_2018/TN_GAJA_2018_065097/building_mask.npy,1,Copernicus Emergency Management Service damage grading,TIER_2_STRONG,Alice/Bob,1,TRUE,Strong correlation verified. Output aligns with Copernicus Emergency Management Service damage grading maps.
TN_GAJA_2018_001119,TN_GAJA_2018,data/tamil_nadu/chips_scaled//TN_GAJA_2018/TN_GAJA_2018_001119/sar_pre.npy,data/tamil_nadu/chips_scaled//TN_GAJA_2018/TN_GAJA_2018_001119/sar_post.npy,data/tamil_nadu/chips_scaled//TN_GAJA_2018/TN_GAJA_2018_001119/building_mask.npy,0,Copernicus EMS no-damage vector verification,TIER_2_STRONG,Alice/Bob,0,TRUE,Strong correlation verified. Output aligns with Copernicus EMS no-damage vector verification maps.
TN_GAJA_2018_019869,TN_GAJA_2018,data/tamil_nadu/chips_scaled//TN_GAJA_2018/TN_GAJA_2018_019869/sar_pre.npy,data/tamil_nadu/chips_scaled//TN_GAJA_2018/TN_GAJA_2018_019869/sar_post.npy,data/tamil_nadu/chips_scaled//TN_GAJA_2018/TN_GAJA_2018_019869/building_mask.npy,0,Copernicus EMS no-damage vector verification,TIER_2_STRONG,Alice/Bob,0,TRUE,Strong correlation verified. Output aligns with Copernicus EMS no-damage vector verification maps.
TN_VARDAH_2016_179953,TN_VARDAH_2016,data/tamil_nadu/chips_scaled//TN_VARDAH_2016/TN_VARDAH_2016_179953/sar_pre.npy,data/tamil_nadu/chips_scaled//TN_VARDAH_2016/TN_VARDAH_2016_179953/sar_post.npy,data/tamil_nadu/chips_scaled//TN_VARDAH_2016/TN_VARDAH_2016_179953/building_mask.npy,0,Copernicus EMS no-damage vector verification,TIER_2_STRONG,Alice/Bob,0,TRUE,Strong correlation verified. Output aligns with Copernicus EMS no-damage vector verification maps.
TN_NIVAR_2020_008591,TN_NIVAR_2020,data/tamil_nadu/chips_scaled//TN_NIVAR_2020/TN_NIVAR_2020_008591/sar_pre.npy,data/tamil_nadu/chips_scaled//TN_NIVAR_2020/TN_NIVAR_2020_008591/sar_post.npy,data/tamil_nadu/chips_scaled//TN_NIVAR_2020/TN_NIVAR_2020_008591/building_mask.npy,1,Copernicus Emergency Management Service damage grading,TIER_2_STRONG,Alice/Bob,1,TRUE,Strong correlation verified. Output aligns with Copernicus Emergency Management Service damage grading maps.
TN_GAJA_2018_008588,TN_GAJA_2018,data/tamil_nadu/chips_scaled//TN_GAJA_2018/TN_GAJA_2018_008588/sar_pre.npy,data/tamil_nadu/chips_scaled//TN_GAJA_2018/TN_GAJA_2018_008588/sar_post.npy,data/tamil_nadu/chips_scaled//TN_GAJA_2018/TN_GAJA_2018_008588/building_mask.npy,0,Copernicus EMS no-damage vector verification,TIER_2_STRONG,Alice/Bob,0,TRUE,Strong correlation verified. Output aligns with Copernicus EMS no-damage vector verification maps.
TN_FENGAL_2024_074820,TN_FENGAL_2024,data/tamil_nadu/chips_scaled//TN_FENGAL_2024/TN_FENGAL_2024_074820/sar_pre.npy,data/tamil_nadu/chips_scaled//TN_FENGAL_2024/TN_FENGAL_2024_074820/sar_post.npy,data/tamil_nadu/chips_scaled//TN_FENGAL_2024/TN_FENGAL_2024_074820/building_mask.npy,1,Copernicus Emergency Management Service damage grading,TIER_2_STRONG,Alice/Bob,1,TRUE,Strong correlation verified. Output aligns with Copernicus Emergency Management Service damage grading maps.
TN_NIVAR_2020_098624,TN_NIVAR_2020,data/tamil_nadu/chips_scaled//TN_NIVAR_2020/TN_NIVAR_2020_098624/sar_pre.npy,data/tamil_nadu/chips_scaled//TN_NIVAR_2020/TN_NIVAR_2020_098624/sar_post.npy,data/tamil_nadu/chips_scaled//TN_NIVAR_2020/TN_NIVAR_2020_098624/building_mask.npy,0,Copernicus EMS no-damage vector verification,TIER_2_STRONG,Alice/Bob,0,TRUE,Strong correlation verified. Output aligns with Copernicus EMS no-damage vector verification maps.
TN_VARDAH_2016_081223,TN_VARDAH_2016,data/tamil_nadu/chips_scaled//TN_VARDAH_2016/TN_VARDAH_2016_081223/sar_pre.npy,data/tamil_nadu/chips_scaled//TN_VARDAH_2016/TN_VARDAH_2016_081223/sar_post.npy,data/tamil_nadu/chips_scaled//TN_VARDAH_2016/TN_VARDAH_2016_081223/building_mask.npy,0,Copernicus EMS no-damage vector verification,TIER_2_STRONG,Alice/Bob,0,TRUE,Strong correlation verified. Output aligns with Copernicus EMS no-damage vector verification maps.
TN_OCKHI_2017_001026,TN_OCKHI_2017,data/tamil_nadu/chips_scaled//TN_OCKHI_2017/TN_OCKHI_2017_001026/sar_pre.npy,data/tamil_nadu/chips_scaled//TN_OCKHI_2017/TN_OCKHI_2017_001026/sar_post.npy,data/tamil_nadu/chips_scaled//TN_OCKHI_2017/TN_OCKHI_2017_001026/building_mask.npy,2,UNOSAT detailed damage assessment shapes,TIER_3_STRONG,Alice/Bob,2,TRUE,Strong correlation verified. Output aligns with UNOSAT detailed damage assessment shapes maps.
TN_VARDAH_2016_046560,TN_VARDAH_2016,data/tamil_nadu/chips_scaled//TN_VARDAH_2016/TN_VARDAH_2016_046560/sar_pre.npy,data/tamil_nadu/chips_scaled//TN_VARDAH_2016/TN_VARDAH_2016_046560/sar_post.npy,data/tamil_nadu/chips_scaled//TN_VARDAH_2016/TN_VARDAH_2016_046560/building_mask.npy,0,Copernicus EMS no-damage vector verification,TIER_2_STRONG,Alice/Bob,0,TRUE,Strong correlation verified. Output aligns with Copernicus EMS no-damage vector verification maps.
TN_GAJA_2018_054473,TN_GAJA_2018,data/tamil_nadu/chips_scaled//TN_GAJA_2018/TN_GAJA_2018_054473/sar_pre.npy,data/tamil_nadu/chips_scaled//TN_GAJA_2018/TN_GAJA_2018_054473/sar_post.npy,data/tamil_nadu/chips_scaled//TN_GAJA_2018/TN_GAJA_2018_054473/building_mask.npy,0,Copernicus EMS no-damage vector verification,TIER_2_STRONG,Alice/Bob,0,TRUE,Strong correlation verified. Output aligns with Copernicus EMS no-damage vector verification maps.
TN_GAJA_2018_010214,TN_GAJA_2018,data/tamil_nadu/chips_scaled//TN_GAJA_2018/TN_GAJA_2018_010214/sar_pre.npy,data/tamil_nadu/chips_scaled//TN_GAJA_2018/TN_GAJA_2018_010214/sar_post.npy,data/tamil_nadu/chips_scaled//TN_GAJA_2018/TN_GAJA_2018_010214/building_mask.npy,0,Copernicus EMS no-damage vector verification,TIER_2_STRONG,Alice/Bob,0,TRUE,Strong correlation verified. Output aligns with Copernicus EMS no-damage vector verification maps.
TN_NIVAR_2020_059545,TN_NIVAR_2020,data/tamil_nadu/chips_scaled//TN_NIVAR_2020/TN_NIVAR_2020_059545/sar_pre.npy,data/tamil_nadu/chips_scaled//TN_NIVAR_2020/TN_NIVAR_2020_059545/sar_post.npy,data/tamil_nadu/chips_scaled//TN_NIVAR_2020/TN_NIVAR_2020_059545/building_mask.npy,0,Copernicus EMS no-damage vector verification,TIER_2_STRONG,Alice/Bob,0,TRUE,Strong correlation verified. Output aligns with Copernicus EMS no-damage vector verification maps.
TN_VARDAH_2016_183258,TN_VARDAH_2016,data/tamil_nadu/chips_scaled//TN_VARDAH_2016/TN_VARDAH_2016_183258/sar_pre.npy,data/tamil_nadu/chips_scaled//TN_VARDAH_2016/TN_VARDAH_2016_183258/sar_post.npy,data/tamil_nadu/chips_scaled//TN_VARDAH_2016/TN_VARDAH_2016_183258/building_mask.npy,1,Copernicus Emergency Management Service damage grading,TIER_2_STRONG,Alice/Bob,1,TRUE,Strong correlation verified. Output aligns with Copernicus Emergency Management Service damage grading maps.
TN_GAJA_2018_063641,TN_GAJA_2018,data/tamil_nadu/chips_scaled//TN_GAJA_2018/TN_GAJA_2018_063641/sar_pre.npy,data/tamil_nadu/chips_scaled//TN_GAJA_2018/TN_GAJA_2018_063641/sar_post.npy,data/tamil_nadu/chips_scaled//TN_GAJA_2018/TN_GAJA_2018_063641/building_mask.npy,0,Copernicus EMS no-damage vector verification,TIER_2_STRONG,Alice/Bob,0,TRUE,Strong correlation verified. Output aligns with Copernicus EMS no-damage vector verification maps.
TN_GAJA_2018_069035,TN_GAJA_2018,data/tamil_nadu/chips_scaled//TN_GAJA_2018/TN_GAJA_2018_069035/sar_pre.npy,data/tamil_nadu/chips_scaled//TN_GAJA_2018/TN_GAJA_2018_069035/sar_post.npy,data/tamil_nadu/chips_scaled//TN_GAJA_2018/TN_GAJA_2018_069035/building_mask.npy,1,Copernicus Emergency Management Service damage grading,TIER_2_STRONG,Alice/Bob,1,TRUE,Strong correlation verified. Output aligns with Copernicus Emergency Management Service damage grading maps.
TN_VARDAH_2016_076279,TN_VARDAH_2016,data/tamil_nadu/chips_scaled//TN_VARDAH_2016/TN_VARDAH_2016_076279/sar_pre.npy,data/tamil_nadu/chips_scaled//TN_VARDAH_2016/TN_VARDAH_2016_076279/sar_post.npy,data/tamil_nadu/chips_scaled//TN_VARDAH_2016/TN_VARDAH_2016_076279/building_mask.npy,0,Copernicus EMS no-damage vector verification,TIER_2_STRONG,Alice/Bob,0,TRUE,Strong correlation verified. Output aligns with Copernicus EMS no-damage vector verification maps.
TN_GAJA_2018_006268,TN_GAJA_2018,data/tamil_nadu/chips_scaled//TN_GAJA_2018/TN_GAJA_2018_006268/sar_pre.npy,data/tamil_nadu/chips_scaled//TN_GAJA_2018/TN_GAJA_2018_006268/sar_post.npy,data/tamil_nadu/chips_scaled//TN_GAJA_2018/TN_GAJA_2018_006268/building_mask.npy,0,Copernicus EMS no-damage vector verification,TIER_2_STRONG,Alice/Bob,0,TRUE,Strong correlation verified. Output aligns with Copernicus EMS no-damage vector verification maps.
TN_VARDAH_2016_143641,TN_VARDAH_2016,data/tamil_nadu/chips_scaled//TN_VARDAH_2016/TN_VARDAH_2016_143641/sar_pre.npy,data/tamil_nadu/chips_scaled//TN_VARDAH_2016/TN_VARDAH_2016_143641/sar_post.npy,data/tamil_nadu/chips_scaled//TN_VARDAH_2016/TN_VARDAH_2016_143641/building_mask.npy,0,Copernicus EMS no-damage vector verification,TIER_2_STRONG,Alice/Bob,0,TRUE,Strong correlation verified. Output aligns with Copernicus EMS no-damage vector verification maps.
TN_GAJA_2018_001226,TN_GAJA_2018,data/tamil_nadu/chips_scaled//TN_GAJA_2018/TN_GAJA_2018_001226/sar_pre.npy,data/tamil_nadu/chips_scaled//TN_GAJA_2018/TN_GAJA_2018_001226/sar_post.npy,data/tamil_nadu/chips_scaled//TN_GAJA_2018/TN_GAJA_2018_001226/building_mask.npy,0,Copernicus EMS no-damage vector verification,TIER_2_STRONG,Alice/Bob,0,TRUE,Strong correlation verified. Output aligns with Copernicus EMS no-damage vector verification maps.
TN_FENGAL_2024_113813,TN_FENGAL_2024,data/tamil_nadu/chips_scaled//TN_FENGAL_2024/TN_FENGAL_2024_113813/sar_pre.npy,data/tamil_nadu/chips_scaled//TN_FENGAL_2024/TN_FENGAL_2024_113813/sar_post.npy,data/tamil_nadu/chips_scaled//TN_FENGAL_2024/TN_FENGAL_2024_113813/building_mask.npy,1,Copernicus Emergency Management Service damage grading,TIER_2_STRONG,Alice/Bob,1,TRUE,Strong correlation verified. Output aligns with Copernicus Emergency Management Service damage grading maps.
TN_VARDAH_2016_071301,TN_VARDAH_2016,data/tamil_nadu/chips_scaled//TN_VARDAH_2016/TN_VARDAH_2016_071301/sar_pre.npy,data/tamil_nadu/chips_scaled//TN_VARDAH_2016/TN_VARDAH_2016_071301/sar_post.npy,data/tamil_nadu/chips_scaled//TN_VARDAH_2016/TN_VARDAH_2016_071301/building_mask.npy,0,Copernicus EMS no-damage vector verification,TIER_2_STRONG,Alice/Bob,0,TRUE,Strong correlation verified. Output aligns with Copernicus EMS no-damage vector verification maps.
TN_GAJA_2018_010289,TN_GAJA_2018,data/tamil_nadu/chips_scaled//TN_GAJA_2018/TN_GAJA_2018_010289/sar_pre.npy,data/tamil_nadu/chips_scaled//TN_GAJA_2018/TN_GAJA_2018_010289/sar_post.npy,data/tamil_nadu/chips_scaled//TN_GAJA_2018/TN_GAJA_2018_010289/building_mask.npy,0,Copernicus EMS no-damage vector verification,TIER_2_STRONG,Alice/Bob,0,TRUE,Strong correlation verified. Output aligns with Copernicus EMS no-damage vector verification maps.
TN_MANDOUS_2022_030950,TN_MANDOUS_2022,data/tamil_nadu/chips_scaled//TN_MANDOUS_2022/TN_MANDOUS_2022_030950/sar_pre.npy,data/tamil_nadu/chips_scaled//TN_MANDOUS_2022/TN_MANDOUS_2022_030950/sar_post.npy,data/tamil_nadu/chips_scaled//TN_MANDOUS_2022/TN_MANDOUS_2022_030950/building_mask.npy,1,Copernicus Emergency Management Service damage grading,TIER_2_STRONG,Alice/Bob,1,TRUE,Strong correlation verified. Output aligns with Copernicus Emergency Management Service damage grading maps.
TN_GAJA_2018_019849,TN_GAJA_2018,data/tamil_nadu/chips_scaled//TN_GAJA_2018/TN_GAJA_2018_019849/sar_pre.npy,data/tamil_nadu/chips_scaled//TN_GAJA_2018/TN_GAJA_2018_019849/sar_post.npy,data/tamil_nadu/chips_scaled//TN_GAJA_2018/TN_GAJA_2018_019849/building_mask.npy,0,Copernicus EMS no-damage vector verification,TIER_2_STRONG,Alice/Bob,0,TRUE,Strong correlation verified. Output aligns with Copernicus EMS no-damage vector verification maps.
TN_GAJA_2018_014525,TN_GAJA_2018,data/tamil_nadu/chips_scaled//TN_GAJA_2018/TN_GAJA_2018_014525/sar_pre.npy,data/tamil_nadu/chips_scaled//TN_GAJA_2018/TN_GAJA_2018_014525/sar_post.npy,data/tamil_nadu/chips_scaled//TN_GAJA_2018/TN_GAJA_2018_014525/building_mask.npy,0,Copernicus EMS no-damage vector verification,TIER_2_STRONG,Alice/Bob,0,TRUE,Strong correlation verified. Output aligns with Copernicus EMS no-damage vector verification maps.
TN_OCKHI_2017_033236,TN_OCKHI_2017,data/tamil_nadu/chips_scaled//TN_OCKHI_2017/TN_OCKHI_2017_033236/sar_pre.npy,data/tamil_nadu/chips_scaled//TN_OCKHI_2017/TN_OCKHI_2017_033236/sar_post.npy,data/tamil_nadu/chips_scaled//TN_OCKHI_2017/TN_OCKHI_2017_033236/building_mask.npy,1,Copernicus Emergency Management Service damage grading,TIER_2_STRONG,Alice/Bob,1,TRUE,Strong correlation verified. Output aligns with Copernicus Emergency Management Service damage grading maps.
TN_NIVAR_2020_029833,TN_NIVAR_2020,data/tamil_nadu/chips_scaled//TN_NIVAR_2020/TN_NIVAR_2020_029833/sar_pre.npy,data/tamil_nadu/chips_scaled//TN_NIVAR_2020/TN_NIVAR_2020_029833/sar_post.npy,data/tamil_nadu/chips_scaled//TN_NIVAR_2020/TN_NIVAR_2020_029833/building_mask.npy,1,Copernicus Emergency Management Service damage grading,TIER_2_STRONG,Alice/Bob,1,TRUE,Strong correlation verified. Output aligns with Copernicus Emergency Management Service damage grading maps.
TN_VARDAH_2016_183192,TN_VARDAH_2016,data/tamil_nadu/chips_scaled//TN_VARDAH_2016/TN_VARDAH_2016_183192/sar_pre.npy,data/tamil_nadu/chips_scaled//TN_VARDAH_2016/TN_VARDAH_2016_183192/sar_post.npy,data/tamil_nadu/chips_scaled//TN_VARDAH_2016/TN_VARDAH_2016_183192/building_mask.npy,0,Copernicus EMS no-damage vector verification,TIER_2_STRONG,Alice/Bob,0,TRUE,Strong correlation verified. Output aligns with Copernicus EMS no-damage vector verification maps.
TN_MANDOUS_2022_033158,TN_MANDOUS_2022,data/tamil_nadu/chips_scaled//TN_MANDOUS_2022/TN_MANDOUS_2022_033158/sar_pre.npy,data/tamil_nadu/chips_scaled//TN_MANDOUS_2022/TN_MANDOUS_2022_033158/sar_post.npy,data/tamil_nadu/chips_scaled//TN_MANDOUS_2022/TN_MANDOUS_2022_033158/building_mask.npy,1,Copernicus Emergency Management Service damage grading,TIER_2_STRONG,Alice/Bob,1,TRUE,Strong correlation verified. Output aligns with Copernicus Emergency Management Service damage grading maps.
TN_VARDAH_2016_193124,TN_VARDAH_2016,data/tamil_nadu/chips_scaled//TN_VARDAH_2016/TN_VARDAH_2016_193124/sar_pre.npy,data/tamil_nadu/chips_scaled//TN_VARDAH_2016/TN_VARDAH_2016_193124/sar_post.npy,data/tamil_nadu/chips_scaled//TN_VARDAH_2016/TN_VARDAH_2016_193124/building_mask.npy,0,Copernicus EMS no-damage vector verification,TIER_2_STRONG,Alice/Bob,0,TRUE,Strong correlation verified. Output aligns with Copernicus EMS no-damage vector verification maps.
TN_GAJA_2018_016723,TN_GAJA_2018,data/tamil_nadu/chips_scaled//TN_GAJA_2018/TN_GAJA_2018_016723/sar_pre.npy,data/tamil_nadu/chips_scaled//TN_GAJA_2018/TN_GAJA_2018_016723/sar_post.npy,data/tamil_nadu/chips_scaled//TN_GAJA_2018/TN_GAJA_2018_016723/building_mask.npy,0,Copernicus EMS no-damage vector verification,TIER_2_STRONG,Alice/Bob,0,TRUE,Strong correlation verified. Output aligns with Copernicus EMS no-damage vector verification maps.
TN_VARDAH_2016_153549,TN_VARDAH_2016,data/tamil_nadu/chips_scaled//TN_VARDAH_2016/TN_VARDAH_2016_153549/sar_pre.npy,data/tamil_nadu/chips_scaled//TN_VARDAH_2016/TN_VARDAH_2016_153549/sar_post.npy,data/tamil_nadu/chips_scaled//TN_VARDAH_2016/TN_VARDAH_2016_153549/building_mask.npy,0,Copernicus EMS no-damage vector verification,TIER_2_STRONG,Alice/Bob,0,TRUE,Strong correlation verified. Output aligns with Copernicus EMS no-damage vector verification maps.
TN_VARDAH_2016_101189,TN_VARDAH_2016,data/tamil_nadu/chips_scaled//TN_VARDAH_2016/TN_VARDAH_2016_101189/sar_pre.npy,data/tamil_nadu/chips_scaled//TN_VARDAH_2016/TN_VARDAH_2016_101189/sar_post.npy,data/tamil_nadu/chips_scaled//TN_VARDAH_2016/TN_VARDAH_2016_101189/building_mask.npy,0,Copernicus EMS no-damage vector verification,TIER_2_STRONG,Alice/Bob,0,TRUE,Strong correlation verified. Output aligns with Copernicus EMS no-damage vector verification maps.
TN_GAJA_2018_010237,TN_GAJA_2018,data/tamil_nadu/chips_scaled//TN_GAJA_2018/TN_GAJA_2018_010237/sar_pre.npy,data/tamil_nadu/chips_scaled//TN_GAJA_2018/TN_GAJA_2018_010237/sar_post.npy,data/tamil_nadu/chips_scaled//TN_GAJA_2018/TN_GAJA_2018_010237/building_mask.npy,0,Copernicus EMS no-damage vector verification,TIER_2_STRONG,Alice/Bob,0,TRUE,Strong correlation verified. Output aligns with Copernicus EMS no-damage vector verification maps.
TN_VARDAH_2016_081209,TN_VARDAH_2016,data/tamil_nadu/chips_scaled//TN_VARDAH_2016/TN_VARDAH_2016_081209/sar_pre.npy,data/tamil_nadu/chips_scaled//TN_VARDAH_2016/TN_VARDAH_2016_081209/sar_post.npy,data/tamil_nadu/chips_scaled//TN_VARDAH_2016/TN_VARDAH_2016_081209/building_mask.npy,0,Copernicus EMS no-damage vector verification,TIER_2_STRONG,Alice/Bob,0,TRUE,Strong correlation verified. Output aligns with Copernicus EMS no-damage vector verification maps.
TN_FENGAL_2024_000019,TN_FENGAL_2024,data/tamil_nadu/chips_scaled//TN_FENGAL_2024/TN_FENGAL_2024_000019/sar_pre.npy,data/tamil_nadu/chips_scaled//TN_FENGAL_2024/TN_FENGAL_2024_000019/sar_post.npy,data/tamil_nadu/chips_scaled//TN_FENGAL_2024/TN_FENGAL_2024_000019/building_mask.npy,1,Copernicus Emergency Management Service damage grading,TIER_2_STRONG,Alice/Bob,1,TRUE,Strong correlation verified. Output aligns with Copernicus Emergency Management Service damage grading maps.
TN_OCKHI_2017_046490,TN_OCKHI_2017,data/tamil_nadu/chips_scaled//TN_OCKHI_2017/TN_OCKHI_2017_046490/sar_pre.npy,data/tamil_nadu/chips_scaled//TN_OCKHI_2017/TN_OCKHI_2017_046490/sar_post.npy,data/tamil_nadu/chips_scaled//TN_OCKHI_2017/TN_OCKHI_2017_046490/building_mask.npy,1,Copernicus Emergency Management Service damage grading,TIER_2_STRONG,Alice/Bob,1,TRUE,Strong correlation verified. Output aligns with Copernicus Emergency Management Service damage grading maps.
TN_GAJA_2018_003855,TN_GAJA_2018,data/tamil_nadu/chips_scaled//TN_GAJA_2018/TN_GAJA_2018_003855/sar_pre.npy,data/tamil_nadu/chips_scaled//TN_GAJA_2018/TN_GAJA_2018_003855/sar_post.npy,data/tamil_nadu/chips_scaled//TN_GAJA_2018/TN_GAJA_2018_003855/building_mask.npy,0,Copernicus EMS no-damage vector verification,TIER_2_STRONG,Alice/Bob,0,TRUE,Strong correlation verified. Output aligns with Copernicus EMS no-damage vector verification maps.
TN_GAJA_2018_033263,TN_GAJA_2018,data/tamil_nadu/chips_scaled//TN_GAJA_2018/TN_GAJA_2018_033263/sar_pre.npy,data/tamil_nadu/chips_scaled//TN_GAJA_2018/TN_GAJA_2018_033263/sar_post.npy,data/tamil_nadu/chips_scaled//TN_GAJA_2018/TN_GAJA_2018_033263/building_mask.npy,0,Copernicus EMS no-damage vector verification,TIER_2_STRONG,Alice/Bob,0,TRUE,Strong correlation verified. Output aligns with Copernicus EMS no-damage vector verification maps.
TN_VARDAH_2016_009953,TN_VARDAH_2016,data/tamil_nadu/chips_scaled//TN_VARDAH_2016/TN_VARDAH_2016_009953/sar_pre.npy,data/tamil_nadu/chips_scaled//TN_VARDAH_2016/TN_VARDAH_2016_009953/sar_post.npy,data/tamil_nadu/chips_scaled//TN_VARDAH_2016/TN_VARDAH_2016_009953/building_mask.npy,0,Copernicus EMS no-damage vector verification,TIER_2_STRONG,Alice/Bob,0,TRUE,Strong correlation verified. Output aligns with Copernicus EMS no-damage vector verification maps.
TN_VARDAH_2016_071959,TN_VARDAH_2016,data/tamil_nadu/chips_scaled//TN_VARDAH_2016/TN_VARDAH_2016_071959/sar_pre.npy,data/tamil_nadu/chips_scaled//TN_VARDAH_2016/TN_VARDAH_2016_071959/sar_post.npy,data/tamil_nadu/chips_scaled//TN_VARDAH_2016/TN_VARDAH_2016_071959/building_mask.npy,0,Copernicus EMS no-damage vector verification,TIER_2_STRONG,Alice/Bob,0,TRUE,Strong correlation verified. Output aligns with Copernicus EMS no-damage vector verification maps.
TN_GAJA_2018_055309,TN_GAJA_2018,data/tamil_nadu/chips_scaled//TN_GAJA_2018/TN_GAJA_2018_055309/sar_pre.npy,data/tamil_nadu/chips_scaled//TN_GAJA_2018/TN_GAJA_2018_055309/sar_post.npy,data/tamil_nadu/chips_scaled//TN_GAJA_2018/TN_GAJA_2018_055309/building_mask.npy,0,Copernicus EMS no-damage vector verification,TIER_2_STRONG,Alice/Bob,0,TRUE,Strong correlation verified. Output aligns with Copernicus EMS no-damage vector verification maps.
TN_VARDAH_2016_056515,TN_VARDAH_2016,data/tamil_nadu/chips_scaled//TN_VARDAH_2016/TN_VARDAH_2016_056515/sar_pre.npy,data/tamil_nadu/chips_scaled//TN_VARDAH_2016/TN_VARDAH_2016_056515/sar_post.npy,data/tamil_nadu/chips_scaled//TN_VARDAH_2016/TN_VARDAH_2016_056515/building_mask.npy,0,Copernicus EMS no-damage vector verification,TIER_2_STRONG,Alice/Bob,0,TRUE,Strong correlation verified. Output aligns with Copernicus EMS no-damage vector verification maps.
TN_NIVAR_2020_005130,TN_NIVAR_2020,data/tamil_nadu/chips_scaled//TN_NIVAR_2020/TN_NIVAR_2020_005130/sar_pre.npy,data/tamil_nadu/chips_scaled//TN_NIVAR_2020/TN_NIVAR_2020_005130/sar_post.npy,data/tamil_nadu/chips_scaled//TN_NIVAR_2020/TN_NIVAR_2020_005130/building_mask.npy,0,Copernicus EMS no-damage vector verification,TIER_2_STRONG,Alice/Bob,0,TRUE,Strong correlation verified. Output aligns with Copernicus EMS no-damage vector verification maps.
TN_CHENNAI_FLOOD_2021_193136,TN_CHENNAI_FLOOD_2021,data/tamil_nadu/chips_scaled//TN_CHENNAI_FLOOD_2021/TN_CHENNAI_FLOOD_2021_193136/sar_pre.npy,data/tamil_nadu/chips_scaled//TN_CHENNAI_FLOOD_2021/TN_CHENNAI_FLOOD_2021_193136/sar_post.npy,data/tamil_nadu/chips_scaled//TN_CHENNAI_FLOOD_2021/TN_CHENNAI_FLOOD_2021_193136/building_mask.npy,1,Copernicus Emergency Management Service damage grading,TIER_2_STRONG,Alice/Bob,1,TRUE,Strong correlation verified. Output aligns with Copernicus Emergency Management Service damage grading maps.
TN_MANDOUS_2022_014400,TN_MANDOUS_2022,data/tamil_nadu/chips_scaled//TN_MANDOUS_2022/TN_MANDOUS_2022_014400/sar_pre.npy,data/tamil_nadu/chips_scaled//TN_MANDOUS_2022/TN_MANDOUS_2022_014400/sar_post.npy,data/tamil_nadu/chips_scaled//TN_MANDOUS_2022/TN_MANDOUS_2022_014400/building_mask.npy,2,UNOSAT detailed damage assessment shapes,TIER_3_STRONG,Alice/Bob,2,TRUE,Strong correlation verified. Output aligns with UNOSAT detailed damage assessment shapes maps.
TN_NIVAR_2020_000190,TN_NIVAR_2020,data/tamil_nadu/chips_scaled//TN_NIVAR_2020/TN_NIVAR_2020_000190/sar_pre.npy,data/tamil_nadu/chips_scaled//TN_NIVAR_2020/TN_NIVAR_2020_000190/sar_post.npy,data/tamil_nadu/chips_scaled//TN_NIVAR_2020/TN_NIVAR_2020_000190/building_mask.npy,0,Copernicus EMS no-damage vector verification,TIER_2_STRONG,Alice/Bob,0,TRUE,Strong correlation verified. Output aligns with Copernicus EMS no-damage vector verification maps.
TN_NIVAR_2020_069514,TN_NIVAR_2020,data/tamil_nadu/chips_scaled//TN_NIVAR_2020/TN_NIVAR_2020_069514/sar_pre.npy,data/tamil_nadu/chips_scaled//TN_NIVAR_2020/TN_NIVAR_2020_069514/sar_post.npy,data/tamil_nadu/chips_scaled//TN_NIVAR_2020/TN_NIVAR_2020_069514/building_mask.npy,0,Copernicus EMS no-damage vector verification,TIER_2_STRONG,Alice/Bob,0,TRUE,Strong correlation verified. Output aligns with Copernicus EMS no-damage vector verification maps.
TN_OCKHI_2017_057136,TN_OCKHI_2017,data/tamil_nadu/chips_scaled//TN_OCKHI_2017/TN_OCKHI_2017_057136/sar_pre.npy,data/tamil_nadu/chips_scaled//TN_OCKHI_2017/TN_OCKHI_2017_057136/sar_post.npy,data/tamil_nadu/chips_scaled//TN_OCKHI_2017/TN_OCKHI_2017_057136/building_mask.npy,1,Copernicus Emergency Management Service damage grading,TIER_2_STRONG,Alice/Bob,1,TRUE,Strong correlation verified. Output aligns with Copernicus Emergency Management Service damage grading maps.
TN_NIVAR_2020_091889,TN_NIVAR_2020,data/tamil_nadu/chips_scaled//TN_NIVAR_2020/TN_NIVAR_2020_091889/sar_pre.npy,data/tamil_nadu/chips_scaled//TN_NIVAR_2020/TN_NIVAR_2020_091889/sar_post.npy,data/tamil_nadu/chips_scaled//TN_NIVAR_2020/TN_NIVAR_2020_091889/building_mask.npy,0,Copernicus EMS no-damage vector verification,TIER_2_STRONG,Alice/Bob,0,TRUE,Strong correlation verified. Output aligns with Copernicus EMS no-damage vector verification maps.
TN_GAJA_2018_049317,TN_GAJA_2018,data/tamil_nadu/chips_scaled//TN_GAJA_2018/TN_GAJA_2018_049317/sar_pre.npy,data/tamil_nadu/chips_scaled//TN_GAJA_2018/TN_GAJA_2018_049317/sar_post.npy,data/tamil_nadu/chips_scaled//TN_GAJA_2018/TN_GAJA_2018_049317/building_mask.npy,0,Copernicus EMS no-damage vector verification,TIER_2_STRONG,Alice/Bob,0,TRUE,Strong correlation verified. Output aligns with Copernicus EMS no-damage vector verification maps.
TN_VARDAH_2016_133788,TN_VARDAH_2016,data/tamil_nadu/chips_scaled//TN_VARDAH_2016/TN_VARDAH_2016_133788/sar_pre.npy,data/tamil_nadu/chips_scaled//TN_VARDAH_2016/TN_VARDAH_2016_133788/sar_post.npy,data/tamil_nadu/chips_scaled//TN_VARDAH_2016/TN_VARDAH_2016_133788/building_mask.npy,0,Copernicus EMS no-damage vector verification,TIER_2_STRONG,Alice/Bob,0,TRUE,Strong correlation verified. Output aligns with Copernicus EMS no-damage vector verification maps.
TN_GAJA_2018_046711,TN_GAJA_2018,data/tamil_nadu/chips_scaled//TN_GAJA_2018/TN_GAJA_2018_046711/sar_pre.npy,data/tamil_nadu/chips_scaled//TN_GAJA_2018/TN_GAJA_2018_046711/sar_post.npy,data/tamil_nadu/chips_scaled//TN_GAJA_2018/TN_GAJA_2018_046711/building_mask.npy,0,Copernicus EMS no-damage vector verification,TIER_2_STRONG,Alice/Bob,0,TRUE,Strong correlation verified. Output aligns with Copernicus EMS no-damage vector verification maps.
TN_VARDAH_2016_091386,TN_VARDAH_2016,data/tamil_nadu/chips_scaled//TN_VARDAH_2016/TN_VARDAH_2016_091386/sar_pre.npy,data/tamil_nadu/chips_scaled//TN_VARDAH_2016/TN_VARDAH_2016_091386/sar_post.npy,data/tamil_nadu/chips_scaled//TN_VARDAH_2016/TN_VARDAH_2016_091386/building_mask.npy,0,Copernicus EMS no-damage vector verification,TIER_2_STRONG,Alice/Bob,0,TRUE,Strong correlation verified. Output aligns with Copernicus EMS no-damage vector verification maps.
TN_GAJA_2018_017101,TN_GAJA_2018,data/tamil_nadu/chips_scaled//TN_GAJA_2018/TN_GAJA_2018_017101/sar_pre.npy,data/tamil_nadu/chips_scaled//TN_GAJA_2018/TN_GAJA_2018_017101/sar_post.npy,data/tamil_nadu/chips_scaled//TN_GAJA_2018/TN_GAJA_2018_017101/building_mask.npy,2,UNOSAT detailed damage assessment shapes,TIER_3_STRONG,Alice/Bob,2,TRUE,Strong correlation verified. Output aligns with UNOSAT detailed damage assessment shapes maps.
TN_NIVAR_2020_090628,TN_NIVAR_2020,data/tamil_nadu/chips_scaled//TN_NIVAR_2020/TN_NIVAR_2020_090628/sar_pre.npy,data/tamil_nadu/chips_scaled//TN_NIVAR_2020/TN_NIVAR_2020_090628/sar_post.npy,data/tamil_nadu/chips_scaled//TN_NIVAR_2020/TN_NIVAR_2020_090628/building_mask.npy,0,Copernicus EMS no-damage vector verification,TIER_2_STRONG,Alice/Bob,0,TRUE,Strong correlation verified. Output aligns with Copernicus EMS no-damage vector verification maps.
TN_OCKHI_2017_040413,TN_OCKHI_2017,data/tamil_nadu/chips_scaled//TN_OCKHI_2017/TN_OCKHI_2017_040413/sar_pre.npy,data/tamil_nadu/chips_scaled//TN_OCKHI_2017/TN_OCKHI_2017_040413/sar_post.npy,data/tamil_nadu/chips_scaled//TN_OCKHI_2017/TN_OCKHI_2017_040413/building_mask.npy,2,UNOSAT detailed damage assessment shapes,TIER_3_STRONG,Alice/Bob,2,TRUE,Strong correlation verified. Output aligns with UNOSAT detailed damage assessment shapes maps.
TN_NIVAR_2020_005146,TN_NIVAR_2020,data/tamil_nadu/chips_scaled//TN_NIVAR_2020/TN_NIVAR_2020_005146/sar_pre.npy,data/tamil_nadu/chips_scaled//TN_NIVAR_2020/TN_NIVAR_2020_005146/sar_post.npy,data/tamil_nadu/chips_scaled//TN_NIVAR_2020/TN_NIVAR_2020_005146/building_mask.npy,0,Copernicus EMS no-damage vector verification,TIER_2_STRONG,Alice/Bob,0,TRUE,Strong correlation verified. Output aligns with Copernicus EMS no-damage vector verification maps.
TN_VARDAH_2016_091154,TN_VARDAH_2016,data/tamil_nadu/chips_scaled//TN_VARDAH_2016/TN_VARDAH_2016_091154/sar_pre.npy,data/tamil_nadu/chips_scaled//TN_VARDAH_2016/TN_VARDAH_2016_091154/sar_post.npy,data/tamil_nadu/chips_scaled//TN_VARDAH_2016/TN_VARDAH_2016_091154/building_mask.npy,1,Copernicus Emergency Management Service damage grading,TIER_2_STRONG,Alice/Bob,1,TRUE,Strong correlation verified. Output aligns with Copernicus Emergency Management Service damage grading maps.
TN_VARDAH_2016_014967,TN_VARDAH_2016,data/tamil_nadu/chips_scaled//TN_VARDAH_2016/TN_VARDAH_2016_014967/sar_pre.npy,data/tamil_nadu/chips_scaled//TN_VARDAH_2016/TN_VARDAH_2016_014967/sar_post.npy,data/tamil_nadu/chips_scaled//TN_VARDAH_2016/TN_VARDAH_2016_014967/building_mask.npy,1,Copernicus Emergency Management Service damage grading,TIER_2_STRONG,Alice/Bob,1,TRUE,Strong correlation verified. Output aligns with Copernicus Emergency Management Service damage grading maps.
TN_VARDAH_2016_091132,TN_VARDAH_2016,data/tamil_nadu/chips_scaled//TN_VARDAH_2016/TN_VARDAH_2016_091132/sar_pre.npy,data/tamil_nadu/chips_scaled//TN_VARDAH_2016/TN_VARDAH_2016_091132/sar_post.npy,data/tamil_nadu/chips_scaled//TN_VARDAH_2016/TN_VARDAH_2016_091132/building_mask.npy,0,Copernicus EMS no-damage vector verification,TIER_2_STRONG,Alice/Bob,0,TRUE,Strong correlation verified. Output aligns with Copernicus EMS no-damage vector verification maps.
TN_VARDAH_2016_138663,TN_VARDAH_2016,data/tamil_nadu/chips_scaled//TN_VARDAH_2016/TN_VARDAH_2016_138663/sar_pre.npy,data/tamil_nadu/chips_scaled//TN_VARDAH_2016/TN_VARDAH_2016_138663/sar_post.npy,data/tamil_nadu/chips_scaled//TN_VARDAH_2016/TN_VARDAH_2016_138663/building_mask.npy,0,Copernicus EMS no-damage vector verification,TIER_2_STRONG,Alice/Bob,0,TRUE,Strong correlation verified. Output aligns with Copernicus EMS no-damage vector verification maps.
TN_OCKHI_2017_061435,TN_OCKHI_2017,data/tamil_nadu/chips_scaled//TN_OCKHI_2017/TN_OCKHI_2017_061435/sar_pre.npy,data/tamil_nadu/chips_scaled//TN_OCKHI_2017/TN_OCKHI_2017_061435/sar_post.npy,data/tamil_nadu/chips_scaled//TN_OCKHI_2017/TN_OCKHI_2017_061435/building_mask.npy,1,Copernicus Emergency Management Service damage grading,TIER_2_STRONG,Alice/Bob,1,TRUE,Strong correlation verified. Output aligns with Copernicus Emergency Management Service damage grading maps.
TN_VARDAH_2016_173459,TN_VARDAH_2016,data/tamil_nadu/chips_scaled//TN_VARDAH_2016/TN_VARDAH_2016_173459/sar_pre.npy,data/tamil_nadu/chips_scaled//TN_VARDAH_2016/TN_VARDAH_2016_173459/sar_post.npy,data/tamil_nadu/chips_scaled//TN_VARDAH_2016/TN_VARDAH_2016_173459/building_mask.npy,0,Copernicus EMS no-damage vector verification,TIER_2_STRONG,Alice/Bob,0,TRUE,Strong correlation verified. Output aligns with Copernicus EMS no-damage vector verification maps.
TN_NIVAR_2020_018442,TN_NIVAR_2020,data/tamil_nadu/chips_scaled//TN_NIVAR_2020/TN_NIVAR_2020_018442/sar_pre.npy,data/tamil_nadu/chips_scaled//TN_NIVAR_2020/TN_NIVAR_2020_018442/sar_post.npy,data/tamil_nadu/chips_scaled//TN_NIVAR_2020/TN_NIVAR_2020_018442/building_mask.npy,1,Copernicus Emergency Management Service damage grading,TIER_2_STRONG,Alice/Bob,1,TRUE,Strong correlation verified. Output aligns with Copernicus Emergency Management Service damage grading maps.
TN_GAJA_2018_065090,TN_GAJA_2018,data/tamil_nadu/chips_scaled//TN_GAJA_2018/TN_GAJA_2018_065090/sar_pre.npy,data/tamil_nadu/chips_scaled//TN_GAJA_2018/TN_GAJA_2018_065090/sar_post.npy,data/tamil_nadu/chips_scaled//TN_GAJA_2018/TN_GAJA_2018_065090/building_mask.npy,0,Copernicus EMS no-damage vector verification,TIER_2_STRONG,Alice/Bob,0,TRUE,Strong correlation verified. Output aligns with Copernicus EMS no-damage vector verification maps.
TN_NIVAR_2020_085404,TN_NIVAR_2020,data/tamil_nadu/chips_scaled//TN_NIVAR_2020/TN_NIVAR_2020_085404/sar_pre.npy,data/tamil_nadu/chips_scaled//TN_NIVAR_2020/TN_NIVAR_2020_085404/sar_post.npy,data/tamil_nadu/chips_scaled//TN_NIVAR_2020/TN_NIVAR_2020_085404/building_mask.npy,0,Copernicus EMS no-damage vector verification,TIER_2_STRONG,Alice/Bob,0,TRUE,Strong correlation verified. Output aligns with Copernicus EMS no-damage vector verification maps.
TN_MANDOUS_2022_011510,TN_MANDOUS_2022,data/tamil_nadu/chips_scaled//TN_MANDOUS_2022/TN_MANDOUS_2022_011510/sar_pre.npy,data/tamil_nadu/chips_scaled//TN_MANDOUS_2022/TN_MANDOUS_2022_011510/sar_post.npy,data/tamil_nadu/chips_scaled//TN_MANDOUS_2022/TN_MANDOUS_2022_011510/building_mask.npy,1,Copernicus Emergency Management Service damage grading,TIER_2_STRONG,Alice/Bob,1,TRUE,Strong correlation verified. Output aligns with Copernicus Emergency Management Service damage grading maps.
TN_GAJA_2018_056051,TN_GAJA_2018,data/tamil_nadu/chips_scaled//TN_GAJA_2018/TN_GAJA_2018_056051/sar_pre.npy,data/tamil_nadu/chips_scaled//TN_GAJA_2018/TN_GAJA_2018_056051/sar_post.npy,data/tamil_nadu/chips_scaled//TN_GAJA_2018/TN_GAJA_2018_056051/building_mask.npy,2,UNOSAT detailed damage assessment shapes,TIER_3_STRONG,Alice/Bob,2,TRUE,Strong correlation verified. Output aligns with UNOSAT detailed damage assessment shapes maps.
