properties,building_id,total_pixels,valid_pixels,valid_pixel_pct,mean_pre_vv,mean_post_vv,mean_change_vv,median_change_vv,std_change_vv,mean_pre_vh,mean_post_vh,mean_change_vh,median_change_vh,std_change_vh,damage_label,label_type,source_label
"{'osm_id': 189153205, 'osm_type': 'yes'}",cuddalore_bld_000001,10,10,100.0,-9.080218505859374,-4.946044921875,4.134172821044922,3.3700215816497803,2.4731747814290923,-17.29371337890625,-13.22335205078125,4.070361709594726,4.040664196014404,3.402627891476041,unlabeled,unlabeled,
"{'osm_id': 189154477, 'osm_type': 'yes'}",cuddalore_bld_000002,34,34,100.0,-4.838886934168198,-3.5818564471076515,1.2570304870605469,0.8346142172813416,3.2074560746927134,-14.290583891027111,-12.677234425264244,1.6133496901568245,1.8822910785675049,2.928505281703377,unlabeled,unlabeled,
"{'osm_id': 250298965, 'osm_type': 'no'}",cuddalore_bld_000003,4,4,100.0,3.0123679637908936,-3.261423349380493,-6.273791313171387,-7.294714450836182,4.436699942467529,-10.429144859313965,-11.614423751831056,-1.185279369354248,-1.0742716789245603,2.626925033309552,unlabeled,unlabeled,
"{'osm_id': 250490211, 'osm_type': 'school'}",cuddalore_bld_000004,29,29,100.0,-8.077114762931034,-4.645685656317349,3.431428843531115,3.7738194465637207,3.721481898188077,-13.105328790072736,-11.618013579269936,1.4873157369679415,1.0648298263549805,2.387070863805925,unlabeled,unlabeled,
"{'osm_id': 253330366, 'osm_type': 'office'}",cuddalore_bld_000005,31,31,100.0,-6.8357302758001515,-7.089185160975302,-0.2534556235036542,-1.0090618133544922,4.0920703411279415,-15.27603247857863,-14.220176450667845,1.0558550434727825,1.478008270263672,2.890279221015461,unlabeled,unlabeled,
"{'osm_id': 255005561, 'osm_type': 'yes'}",cuddalore_bld_000006,35,35,100.0,-6.881739153180804,-4.151347133091518,2.730391584123884,2.5481200218200684,3.6299536088640862,-16.36132114955357,-12.43992222377232,3.9213976178850447,4.126313209533691,4.628931895784995,unlabeled,unlabeled,
"{'osm_id': 255501316, 'osm_type': 'yes'}",cuddalore_bld_000007,15,15,100.0,-5.467148844401041,-4.889714050292969,0.5774357477823894,0.1027219295501709,3.73549439744129,-11.840345255533856,-12.374857584635416,-0.5345113118489583,-0.8468694686889648,3.4108351479716728,unlabeled,unlabeled,
"{'osm_id': 257602881, 'osm_type': 'yes'}",cuddalore_bld_000008,22,22,100.0,-4.856666218150746,-4.1935130032626065,0.663153821771795,0.8499593138694763,1.9460106142595957,-13.67086375843395,-12.10192177512429,1.5689419833096592,1.3507933616638184,3.252559112522476,unlabeled,unlabeled,
"{'osm_id': 257923376, 'osm_type': 'yes'}",cuddalore_bld_000009,14,14,100.0,-4.277741023472378,-4.04218510219029,0.2355560575212751,0.2690272331237793,2.455941715490654,-13.312191554478236,-11.620099748883929,1.6920909881591797,1.464216709136963,2.79019760075773,unlabeled,unlabeled,
"{'osm_id': 257924444, 'osm_type': 'yes'}",cuddalore_bld_000010,4,4,100.0,-1.9008686542510984,-1.6085349321365356,0.2923339307308197,0.1085491180419921,1.5638177764929222,-9.672348976135254,-12.703010559082031,-3.030661106109619,-2.4254555702209473,1.3908505948897916,unlabeled,unlabeled,
"{'osm_id': 257924701, 'osm_type': 'yes'}",cuddalore_bld_000011,4,4,100.0,-4.063023090362549,-2.4493088722229004,1.6137139797210691,1.5475846529006958,0.3159901637240002,-13.104741096496582,-13.58120346069336,-0.4764626026153564,0.6373500823974609,2.2042912590024706,unlabeled,unlabeled,
"{'osm_id': 258047234, 'osm_type': 'yes'}",cuddalore_bld_000012,8,8,100.0,-6.256098747253418,-4.341541290283203,1.9145572185516355,1.567100167274475,2.5463673558828925,-13.804527282714844,-12.485273361206056,1.3192533254623413,0.7658448219299316,2.7989714840122124,unlabeled,unlabeled,
"{'osm_id': 339687729, 'osm_type': 'commercial'}",cuddalore_bld_000013,13,13,100.0,1.895978927612305,3.6275555537297177,1.7315766261174128,2.794160842895508,3.611232992697177,-4.15461672269381,-2.5917466970590444,1.56286987891564,1.3436033725738523,2.893519917667714,unlabeled,unlabeled,
"{'osm_id': 339687730, 'osm_type': 'commercial'}",cuddalore_bld_000014,6,6,100.0,-4.858310063680013,-3.252032915751139,1.6062774658203125,2.254972457885742,2.910569555059707,-13.430816650390623,-10.52905782063802,2.901758829752604,3.3375349044799805,1.34474785598064,unlabeled,unlabeled,
"{'osm_id': 339687731, 'osm_type': 'commercial'}",cuddalore_bld_000015,6,6,100.0,-0.4636746247609456,1.7895455360412598,2.253220240275065,3.5137534141540527,3.9797005379756674,-8.070869445800781,-6.4928538004557295,1.578015963236491,2.0801403522491455,2.611936473654316,unlabeled,unlabeled,
"{'osm_id': 339687732, 'osm_type': 'commercial'}",cuddalore_bld_000016,6,6,100.0,-0.6194173494974772,1.7727168401082356,2.392134189605713,3.3656930923461914,2.4121683718986215,-3.8145163853963218,-4.181590716044108,-0.3670744101206462,-0.2751937508583069,2.367305291543933,unlabeled,unlabeled,
"{'osm_id': 360850957, 'osm_type': 'yes'}",cuddalore_bld_000017,11,11,100.0,-6.011742331764915,-3.3360110196200283,2.675730965354226,3.50703763961792,1.909432067779163,-12.252892234108664,-8.701711481267756,3.5511804060502485,2.6135482788085938,2.103161193983486,unlabeled,unlabeled,
"{'osm_id': 360855002, 'osm_type': 'yes'}",cuddalore_bld_000018,8,8,100.0,-8.754002571105957,-8.90349006652832,-0.1494879126548767,-0.3404791355133056,1.0909033527227583,-13.11817455291748,-14.967601776123049,-1.8494278192520144,-0.9412879943847656,3.158316813414186,unlabeled,unlabeled,
"{'osm_id': 360855003, 'osm_type': 'yes'}",cuddalore_bld_000019,9,9,100.0,-7.888402303059896,-7.904665629069011,-0.0162632995181613,0.1918439865112304,3.1813919475559604,-15.263487074110245,-14.523174709743923,0.7403120464748807,-0.0093879699707031,2.629803195431994,unlabeled,unlabeled,
"{'osm_id': 360855004, 'osm_type': 'yes'}",cuddalore_bld_000020,26,26,100.0,-8.324598459097055,-9.30249551626352,-0.9778977907620944,-0.5571451187133789,3.4551517837083945,-14.480025071364183,-13.13144742525541,1.3485789665809045,0.7941365242004395,4.264478899029716,unlabeled,unlabeled,
"{'osm_id': 360855005, 'osm_type': 'yes'}",cuddalore_bld_000021,10,10,100.0,-3.5229034423828125,-2.519178771972656,1.0037247657775878,2.2376725673675537,3.192744150729584,-10.578816223144532,-9.304981231689451,1.273836040496826,-1.233470439910889,3.7880429057662943,unlabeled,unlabeled,
"{'osm_id': 360855006, 'osm_type': 'yes'}",cuddalore_bld_000022,7,7,100.0,-7.218047550746372,-4.126188005719866,3.09185927254813,3.58957576751709,2.3192202312593606,-11.83246067592076,-12.322525024414062,-0.4900655746459961,-1.5260334014892578,2.1358120478576237,unlabeled,unlabeled,
"{'osm_id': 360855007, 'osm_type': 'yes'}",cuddalore_bld_000023,8,8,100.0,-2.607060432434082,-1.6672614812850952,0.9397990703582764,0.9321264624595642,2.897662041671057,-10.644979476928713,-6.859912872314453,3.785066604614258,4.581913948059082,3.011854687181139,unlabeled,unlabeled,
"{'osm_id': 360855008, 'osm_type': 'yes'}",cuddalore_bld_000024,6,6,100.0,-8.109374364217123,-6.513144175211589,1.596230189005534,1.7554206848144531,0.9209216828782724,-17.697921752929688,-11.91754150390625,5.7803802490234375,6.4329142570495605,2.9250520669113524,unlabeled,unlabeled,
"{'osm_id': 360855009, 'osm_type': 'yes'}",cuddalore_bld_000025,2,2,100.0,-8.603962898254395,-7.783113479614258,0.8208498954772949,0.8208498954772949,0.4771265983581543,-14.17897605895996,-15.198684692382812,-1.0197081565856934,-1.0197081565856934,0.6320433616638184,unlabeled,unlabeled,
"{'osm_id': 360855010, 'osm_type': 'yes'}",cuddalore_bld_000026,4,4,100.0,-5.3242058753967285,-4.072314739227295,1.2518912553787231,1.8111422061920168,2.55330387238172,-5.560820579528809,-1.5439857244491575,4.0168352127075195,4.283324241638184,0.9920755688446082,unlabeled,unlabeled,
"{'osm_id': 360855011, 'osm_type': 'yes'}",cuddalore_bld_000027,9,9,100.0,-7.377508375379774,-8.017953660753038,-0.640445868174235,0.2934346199035644,3.420181844055068,-17.17420111762153,-12.611000061035156,4.5631997850206165,5.962122917175293,4.624919189252384,unlabeled,unlabeled,
"{'osm_id': 360855012, 'osm_type': 'yes'}",cuddalore_bld_000028,3,3,100.0,-1.2956600189208984,1.27078644434611,2.566446304321289,2.0756211280822754,1.0208860705865148,-5.919802347819011,-7.388357798258464,-1.4685551325480144,-1.4436960220336914,1.4119516121939764,unlabeled,unlabeled,
"{'osm_id': 360855013, 'osm_type': 'yes'}",cuddalore_bld_000029,5,5,100.0,-2.117426300048828,-1.746140289306641,0.3712860107421875,1.4079481363296509,1.6842978386042775,-9.587619018554689,-8.796650695800782,0.7909684181213379,0.6519184112548828,3.5075088276574564,unlabeled,unlabeled,
"{'osm_id': 360855014, 'osm_type': 'yes'}",cuddalore_bld_000030,4,4,100.0,6.248195648193359,7.777174949645996,1.5289793014526367,2.798644542694092,3.743187023176578,-4.013714790344238,-0.4067911505699157,3.606923103332519,3.351585149765014,2.437968771650391,unlabeled,unlabeled,
"{'osm_id': 360855015, 'osm_type': 'yes'}",cuddalore_bld_000031,8,8,100.0,-2.678893804550171,-0.4423611164093017,2.236532688140869,3.3542189598083496,2.969322706792059,-6.890344142913818,-2.8417978286743164,4.04854679107666,3.7810020446777344,1.353101747045594,unlabeled,unlabeled,
"{'osm_id': 360856282, 'osm_type': 'yes'}",cuddalore_bld_000032,6,6,100.0,-3.2676032384236655,-1.679028828938802,1.5885745684305828,1.663341999053955,2.498268394519535,-11.105289459228516,-8.42447026570638,2.680818557739258,2.7563161849975586,3.3802350964494488,unlabeled,unlabeled,
"{'osm_id': 360856283, 'osm_type': 'yes'}",cuddalore_bld_000033,9,9,100.0,-1.441645410325792,-2.5173036787245007,-1.0756583743625217,-1.3470590114593506,3.5660857747268517,-10.435551113552515,-10.19980197482639,0.2357488738165961,0.6222043037414551,2.649683976680207,unlabeled,unlabeled,
"{'osm_id': 360856284, 'osm_type': 'yes'}",cuddalore_bld_000034,5,5,100.0,-4.086767578125,0.1170851707458496,4.203852844238281,3.056772232055664,2.165603444635028,-9.158138275146484,-8.816021728515626,0.3421165466308594,0.3355684280395508,4.884961780927498,unlabeled,unlabeled,
"{'osm_id': 360856285, 'osm_type': 'yes'}",cuddalore_bld_000035,6,6,100.0,-5.774833043416341,-5.513964970906575,0.2608678340911865,-0.0396997928619384,1.5448665228937488,-12.685708363850912,-12.248878479003906,0.4368311564127604,0.1890807151794433,3.927211878447054,unlabeled,unlabeled,
"{'osm_id': 360856286, 'osm_type': 'yes'}",cuddalore_bld_000036,6,6,100.0,-8.141195933024088,-5.073107083638509,3.068089167277018,2.5834150314331055,2.854732654690937,-13.510687510172524,-12.753021240234377,0.7576656341552734,1.5043659210205078,1.8681582512857349,unlabeled,unlabeled,
"{'osm_id': 360856287, 'osm_type': 'yes'}",cuddalore_bld_000037,4,4,100.0,-7.713695049285889,-5.639442443847656,2.0742526054382324,1.8403191566467283,2.734528638090876,-11.550397872924805,-10.106730461120604,1.4436676502227783,1.766538143157959,0.8210114430122277,unlabeled,unlabeled,
"{'osm_id': 360856288, 'osm_type': 'yes'}",cuddalore_bld_000038,14,14,100.0,-3.372605187552316,-0.2240900652749198,3.148515428815569,3.81656265258789,4.017322384860718,-10.178146362304688,-8.735658918108259,1.4424871717180523,1.748141527175903,2.2233579059149053,unlabeled,unlabeled,
"{'osm_id': 360856289, 'osm_type': 'yes'}",cuddalore_bld_000039,5,5,100.0,-2.7854934692382813,-2.1953365325927736,0.5901567935943604,-1.4904236793518066,4.63724136668419,-11.891009521484374,-11.577508544921876,0.3135009765625,0.1769113540649414,2.0227639452881188,unlabeled,unlabeled,
"{'osm_id': 360856290, 'osm_type': 'yes'}",cuddalore_bld_000040,8,8,100.0,-3.56139612197876,1.5660996437072754,5.127495765686035,3.925018310546875,4.368663037553965,-15.613502502441406,-9.96911907196045,5.644382476806641,4.183428764343262,6.451106534076228,unlabeled,unlabeled,
"{'osm_id': 360856291, 'osm_type': 'yes'}",cuddalore_bld_000041,7,7,100.0,-5.671257019042969,0.4649280139378139,6.1361846923828125,6.927728652954102,3.006179209552108,-12.147693089076451,-7.790134429931641,4.35755865914481,3.931540489196778,2.1389820100224917,unlabeled,unlabeled,
"{'osm_id': 360856292, 'osm_type': 'yes'}",cuddalore_bld_000042,8,8,100.0,-6.898585319519043,-3.8944265842437744,3.0041589736938477,3.0532050132751465,1.6223951485906667,-11.73301601409912,-9.871201515197754,1.8618144989013672,2.304328441619873,1.839603888279009,unlabeled,unlabeled,
"{'osm_id': 360856293, 'osm_type': 'yes'}",cuddalore_bld_000043,8,8,100.0,7.565176486968994,4.44774866104126,-3.1174283027648926,-2.7588257789611816,2.261752524832716,-4.950519561767578,-7.561777114868164,-2.611257791519165,-3.192293405532837,1.767257101261881,unlabeled,unlabeled,
"{'osm_id': 360856294, 'osm_type': 'yes'}",cuddalore_bld_000044,4,4,100.0,-4.9852776527404785,-1.3597681522369385,3.625509262084961,4.369148254394531,2.963482232188343,-11.981834411621094,-10.842207908630373,1.1396262645721436,1.3255324363708496,1.7142105016902898,unlabeled,unlabeled,
"{'osm_id': 360856295, 'osm_type': 'yes'}",cuddalore_bld_000045,10,10,100.0,-8.881744384765625,-8.276180267333984,0.6055632114410401,0.6086091995239258,2.3599463345234866,-16.421910095214844,-15.300360107421875,1.1215489387512207,2.800483226776123,4.430726366699289,unlabeled,unlabeled,
"{'osm_id': 360856296, 'osm_type': 'yes'}",cuddalore_bld_000046,6,6,100.0,-8.342626571655273,-0.1971455415089925,8.145480473836264,8.516609191894531,2.3298436813811363,-11.06570053100586,-9.249272028605144,1.816428820292155,1.7693674564361572,3.6819441513621656,unlabeled,unlabeled,
"{'osm_id': 360856297, 'osm_type': 'yes'}",cuddalore_bld_000047,8,8,100.0,-0.3851616978645324,-0.5102801322937012,-0.1251183748245239,-0.2280013561248779,4.031845077017379,-10.190521240234377,-10.869710922241213,-0.679189920425415,0.1825094223022461,3.5952402985471443,unlabeled,unlabeled,
"{'osm_id': 360856298, 'osm_type': 'yes'}",cuddalore_bld_000048,5,5,100.0,-8.519654083251954,-6.524302673339844,1.9953510284423828,1.7958736419677734,2.2682766759521473,-14.730308532714844,-12.040232849121091,2.690076446533203,2.329941749572754,1.4607574786215194,unlabeled,unlabeled,
"{'osm_id': 360856299, 'osm_type': 'office'}",cuddalore_bld_000049,8,8,100.0,-2.2295639514923096,0.3554591834545135,2.5850231647491455,1.998079776763916,1.622140165613702,-7.613068103790283,-9.89900016784668,-2.2859325408935547,-2.555009603500366,1.600021299517732,unlabeled,unlabeled,
"{'osm_id': 360856300, 'osm_type': 'yes'}",cuddalore_bld_000050,4,4,100.0,-0.5732302665710449,4.617110729217529,5.190341949462891,4.649395942687988,2.0041537537530187,-6.621094703674316,-4.867148399353027,1.7539465427398682,3.6248996257781982,5.541384164570118,unlabeled,unlabeled,
"{'osm_id': 360856301, 'osm_type': 'yes'}",cuddalore_bld_000051,10,10,100.0,-0.7984489440917969,-1.4928492546081542,-0.6944003582000733,-0.5429149866104126,2.3571556053254716,-9.122919464111328,-10.952031707763672,-1.8291118621826172,-1.969632148742676,2.216212981598131,unlabeled,unlabeled,
"{'osm_id': 360856302, 'osm_type': 'yes'}",cuddalore_bld_000052,7,7,100.0,-1.4556410653250558,5.787022726876395,7.242663792201451,6.151719093322754,3.58155184585063,-0.8094070979527065,-0.4042235783168247,0.4051835877554757,-0.0557694435119628,3.273390564918964,unlabeled,unlabeled,
"{'osm_id': 360856303, 'osm_type': 'yes'}",cuddalore_bld_000053,7,7,100.0,-5.941250392368862,-6.271267482212612,-0.3300173282623291,-1.3533210754394531,3.0268719875274073,-13.443518502371653,-10.865300859723773,2.578216552734375,2.8032140731811523,3.114137636578492,unlabeled,unlabeled,
"{'osm_id': 360856304, 'osm_type': 'yes'}",cuddalore_bld_000054,6,6,100.0,-6.205996195475261,-3.16231918334961,3.043677012125651,2.812138319015503,3.351276078434798,-11.128326416015623,-9.673994064331056,1.4543317159016926,1.2201013565063477,3.915853439617876,unlabeled,unlabeled,
"{'osm_id': 360856305, 'osm_type': 'yes'}",cuddalore_bld_000055,10,10,100.0,-5.865518569946289,-2.547934913635254,3.3175830841064453,2.588870048522949,2.7834612234645677,-13.542117309570312,-11.979472351074218,1.5626441955566406,1.9521169662475584,2.646925788377011,unlabeled,unlabeled,
"{'osm_id': 360856306, 'osm_type': 'yes'}",cuddalore_bld_000056,12,12,100.0,-7.131432851155599,-6.128984451293945,1.0024495124816897,1.7345967292785645,3.682344285280849,-10.081550598144531,-11.176734924316406,-1.0951838493347168,-0.966097354888916,2.200832106105986,unlabeled,unlabeled,
"{'osm_id': 360856307, 'osm_type': 'yes'}",cuddalore_bld_000057,9,9,100.0,-5.583210839165582,-1.5308378007676866,4.052372402615017,3.733875274658203,4.579720189105861,-12.624837239583334,-9.038190205891928,3.5866461859809027,3.574983596801758,4.260733699598273,unlabeled,unlabeled,
"{'osm_id': 360860973, 'osm_type': 'yes'}",cuddalore_bld_000058,4,4,100.0,-2.0935325622558594,-1.5024771690368652,0.5910555124282837,1.2893520593643188,2.352722730399902,-13.748979568481444,-11.428163528442385,2.320815324783325,2.632763385772705,1.4846101560900933,unlabeled,unlabeled,
"{'osm_id': 360860977, 'osm_type': 'yes'}",cuddalore_bld_000059,5,5,100.0,-0.1250409126281738,0.673698902130127,0.7987398147583008,0.3195228576660156,2.5018905856082427,-14.205746459960938,-13.818011474609374,0.3877344131469726,-1.249985694885254,2.534360892353654,unlabeled,unlabeled,
"{'osm_id': 360860981, 'osm_type': 'yes'}",cuddalore_bld_000060,4,4,100.0,-5.904083251953125,-4.157279014587402,1.7468039989471436,1.951797604560852,0.9831985437754917,-15.047911643981934,-10.788684844970703,4.2592267990112305,2.7061119079589844,4.332129527161881,unlabeled,unlabeled,
"{'osm_id': 360860990, 'osm_type': 'yes'}",cuddalore_bld_000061,5,5,100.0,-4.674441146850586,-3.990008544921875,0.6844326972961425,-0.0884733200073242,1.7467478144443194,-12.17184371948242,-13.490321350097656,-1.3184776306152344,-1.214385986328125,3.663732592547394,unlabeled,unlabeled,
"{'osm_id': 360860995, 'osm_type': 'yes'}",cuddalore_bld_000062,2,2,100.0,-1.8611655235290527,-5.257143497467041,-3.3959779739379883,-3.3959779739379883,2.9167518615722656,-16.017696380615234,-7.901938438415527,8.115758895874023,8.115758895874023,2.643461227416992,unlabeled,unlabeled,
"{'osm_id': 360860997, 'osm_type': 'yes'}",cuddalore_bld_000063,7,7,100.0,-4.961835588727679,-5.115022386823382,-0.153186593736921,1.1129355430603027,3.3560891662959,-13.466445922851562,-16.373988560267858,-2.907543182373047,-2.6236743927001953,1.8670303716735208,unlabeled,unlabeled,
"{'osm_id': 360860998, 'osm_type': 'yes'}",cuddalore_bld_000064,5,5,100.0,-2.8340789794921877,0.8890768051147461,3.723155975341797,3.225164890289306,1.1750313534414023,-13.954502868652344,-10.482760620117189,3.4717430114746093,3.1928138732910156,2.4073263865791414,unlabeled,unlabeled,
"{'osm_id': 360861001, 'osm_type': 'yes'}",cuddalore_bld_000065,5,5,100.0,-3.8502647399902346,-4.1559700012207035,-0.3057050704956054,-0.8409795761108398,1.3856198130734128,-14.809310913085938,-13.511273193359376,1.2980365753173828,0.1324110031127929,3.1914332879109613,unlabeled,unlabeled,
"{'osm_id': 360861007, 'osm_type': 'yes'}",cuddalore_bld_000066,6,6,100.0,-6.472897211710612,-5.722390492757161,0.7505065600077311,-0.6210325956344604,2.7383209665417225,-13.216695149739584,-11.086051940917969,2.130643049875895,2.94869327545166,2.646177019397504,unlabeled,unlabeled,
"{'osm_id': 360861012, 'osm_type': 'yes'}",cuddalore_bld_000067,4,4,100.0,-4.508363723754883,-1.563797116279602,2.9445667266845703,3.3636863231658936,2.428080377333373,-14.481203079223633,-11.756990432739258,2.724212884902954,2.855138778686523,2.7726510924708094,unlabeled,unlabeled,
"{'osm_id': 360861016, 'osm_type': 'yes'}",cuddalore_bld_000068,2,2,100.0,-6.522109031677246,-4.420454025268555,2.1016550064086914,2.1016550064086914,0.1073536872863769,-14.028762817382812,-9.118770599365234,4.909992694854736,4.909992694854736,4.28656530380249,unlabeled,unlabeled,
"{'osm_id': 360861018, 'osm_type': 'yes'}",cuddalore_bld_000069,4,4,100.0,-3.0597240924835205,-5.749028205871582,-2.6893041133880615,-3.08178186416626,2.170662274639745,-12.857873916625977,-16.795982360839844,-3.9381086826324463,-3.9100780487060542,0.9845620395714516,unlabeled,unlabeled,
"{'osm_id': 360861024, 'osm_type': 'yes'}",cuddalore_bld_000070,4,4,100.0,-1.5417613983154297,-2.645139694213867,-1.1033782958984375,-1.396857976913452,0.7807188068010292,-12.61716079711914,-10.786646842956545,1.8305139541625977,0.9976825714111328,1.9930431396663657,unlabeled,unlabeled,
"{'osm_id': 360861027, 'osm_type': 'yes'}",cuddalore_bld_000071,2,2,100.0,-7.74139404296875,-5.537137985229492,2.2042558193206787,2.2042558193206787,0.6408164501190186,-16.160200119018555,-9.65061378479004,6.509586811065674,6.509586811065674,4.913332462310791,unlabeled,unlabeled,
"{'osm_id': 360861029, 'osm_type': 'yes'}",cuddalore_bld_000072,2,2,100.0,-1.6014432907104492,-2.3415355682373047,-0.7400921583175659,-0.7400921583175659,0.1401401758193969,-11.14914321899414,-9.238832473754885,1.910311222076416,1.910311222076416,0.5050864219665527,unlabeled,unlabeled,
"{'osm_id': 360861032, 'osm_type': 'yes'}",cuddalore_bld_000073,4,4,100.0,-3.187039852142334,-3.47310471534729,-0.2860652804374695,-0.4901057481765747,0.6051720695084049,-11.443376541137695,-9.229838371276855,2.213538408279419,2.1092796325683594,0.6885624072646779,unlabeled,unlabeled,
"{'osm_id': 360861034, 'osm_type': 'yes'}",cuddalore_bld_000074,4,4,100.0,-2.8848085403442383,0.4833498001098633,3.3681585788726807,3.216050386428833,1.0509741809804312,-9.658302307128906,-7.364739894866943,2.2935631275177,2.3279643058776855,0.4285804566171347,unlabeled,unlabeled,
"{'osm_id': 360861035, 'osm_type': 'yes'}",cuddalore_bld_000075,2,2,100.0,-5.285110950469971,-2.5395820140838623,2.7455289363861084,2.7455289363861084,0.6808037757873535,-12.379888534545898,-10.308795928955078,2.071092128753662,2.071092128753662,0.3990988731384277,unlabeled,unlabeled,
"{'osm_id': 360861040, 'osm_type': 'yes'}",cuddalore_bld_000076,4,4,100.0,-9.161565780639648,-4.39111328125,4.770452499389648,4.225306510925293,2.9276010082035167,-14.831494331359863,-11.336101531982422,3.495391845703125,2.7679872512817383,1.8956238910147123,unlabeled,unlabeled,
"{'osm_id': 360861047, 'osm_type': 'yes'}",cuddalore_bld_000077,5,5,100.0,-5.4200183868408205,-2.0755374908447264,3.34448127746582,3.875897884368897,1.111623524024851,-13.7849365234375,-10.949481201171874,2.835455322265625,2.7940826416015625,1.4227607855361597,unlabeled,unlabeled,
"{'osm_id': 360861050, 'osm_type': 'yes'}",cuddalore_bld_000078,4,4,100.0,-4.2835588455200195,-0.4159494042396545,3.86760926246643,3.576906204223633,1.4476712106973957,-12.03013038635254,-9.7320556640625,2.2980763912200928,2.281041145324707,0.7145253940692394,unlabeled,unlabeled,
"{'osm_id': 360861052, 'osm_type': 'yes'}",cuddalore_bld_000079,2,2,100.0,1.8688498735427856,5.571213722229004,3.702364206314087,3.702364206314087,1.2734439373016355,-4.051661014556885,-1.619724988937378,2.431936025619507,2.431936025619507,0.2461986541748047,unlabeled,unlabeled,
"{'osm_id': 360861054, 'osm_type': 'yes'}",cuddalore_bld_000080,7,7,100.0,-0.1346338135855538,3.5684520176478793,3.7030857631138394,3.5583176612854004,1.866078048077884,-13.049552917480469,-11.744929722377233,1.3046233313424247,1.1543083190917969,1.9258909917924023,unlabeled,unlabeled,
"{'osm_id': 360861061, 'osm_type': 'yes'}",cuddalore_bld_000081,1,1,100.0,-3.704728841781616,0.0227510184049606,3.727479934692383,3.727479934692383,0.0,-12.799778938293455,-9.678706169128418,3.121072769165039,3.121072769165039,0.0,unlabeled,unlabeled,
"{'osm_id': 402157066, 'osm_type': 'temple'}",cuddalore_bld_000082,12,12,100.0,-8.104349772135416,-5.427834192911784,2.676515579223633,2.955784320831299,2.9583418958158143,-16.300498962402344,-18.718987782796223,-2.418485800425211,0.0869803428649902,7.098163136415599,unlabeled,unlabeled,
"{'osm_id': 430751630, 'osm_type': 'yes'}",cuddalore_bld_000083,7,7,100.0,-5.958524976457868,-5.145283290318081,0.8132414136614118,1.1882805824279783,2.301118414206664,-12.481408255440847,-12.903800964355469,-0.4223936625889369,-0.7952795028686523,4.3573312015335475,unlabeled,unlabeled,
"{'osm_id': 430751632, 'osm_type': 'yes'}",cuddalore_bld_000084,4,4,100.0,-7.429823398590088,-5.957056522369385,1.4727668762207031,1.1476109027862549,1.4010336321561438,-13.208934783935549,-12.05160903930664,1.1573259830474854,0.968857765197754,1.1136327136451538,unlabeled,unlabeled,
"{'osm_id': 430751635, 'osm_type': 'yes'}",cuddalore_bld_000085,4,4,100.0,0.9104580879211426,5.919565677642822,5.00910758972168,3.267828941345215,3.1848186928650204,-6.760244369506836,-5.697783470153809,1.0624604225158691,1.1533969640731812,2.0964857368781025,unlabeled,unlabeled,
"{'osm_id': 430751636, 'osm_type': 'yes'}",cuddalore_bld_000086,4,4,100.0,-5.536342620849609,-4.075846195220947,1.4604969024658203,1.405559539794922,0.8690742508121511,-11.331475257873535,-10.470870018005373,0.860605001449585,0.4821557998657226,0.8924509008856859,unlabeled,unlabeled,
"{'osm_id': 430751638, 'osm_type': 'yes'}",cuddalore_bld_000087,4,4,100.0,4.470394611358643,2.140064239501953,-2.3303303718566895,-1.739899516105652,1.5327934944405806,-11.343859672546388,-8.43320369720459,2.910656452178955,2.826503276824951,0.6551903028842843,unlabeled,unlabeled,
"{'osm_id': 430751639, 'osm_type': 'yes'}",cuddalore_bld_000088,6,6,100.0,-6.1227372487386065,-4.793845812479655,1.3288912773132324,1.93526291847229,2.4773747758181064,-15.53115971883138,-14.735548655192057,0.7956118583679199,0.2477612495422363,3.8404571857562178,unlabeled,unlabeled,
"{'osm_id': 430751640, 'osm_type': 'yes'}",cuddalore_bld_000089,6,6,100.0,-1.5793490409851074,-0.2185698548952738,1.3607792854309082,1.599356174468994,1.100815248113729,-11.103199005126951,-10.684102376302084,0.419095516204834,-0.0191550254821777,1.3335712899167942,unlabeled,unlabeled,
"{'osm_id': 430751641, 'osm_type': 'yes'}",cuddalore_bld_000090,4,4,100.0,-5.501930236816406,-5.73770809173584,-0.2357776165008545,-0.1602799892425537,0.2859804756631612,-13.159799575805664,-12.988899230957031,0.1709017753601074,-0.6051483154296875,1.4341016972856424,unlabeled,unlabeled,
"{'osm_id': 430751642, 'osm_type': 'yes'}",cuddalore_bld_000091,4,4,100.0,-7.359227657318115,-5.228405952453613,2.130821704864502,2.0915586948394775,0.8854965850757411,-13.858957290649414,-12.57662582397461,1.2823312282562256,1.3002591133117676,0.989606752285958,unlabeled,unlabeled,
"{'osm_id': 430754182, 'osm_type': 'yes'}",cuddalore_bld_000092,6,6,100.0,3.1686693827311196,4.0382184982299805,0.869549036026001,1.0221643447875977,2.1020587044664265,-12.56235122680664,-13.930805206298828,-1.3684528668721516,-1.548933982849121,2.2590640954843524,unlabeled,unlabeled,
"{'osm_id': 430755040, 'osm_type': 'yes'}",cuddalore_bld_000093,4,4,100.0,1.0641270875930786,5.346541404724121,4.282414436340332,4.218029975891113,1.2486824361538953,-16.295745849609375,-15.40398406982422,0.8917636871337891,0.5119485855102539,3.4579928451083424,unlabeled,unlabeled,
"{'osm_id': 430755047, 'osm_type': 'yes'}",cuddalore_bld_000094,4,4,100.0,-0.285156637430191,6.812536716461182,7.097693920135498,8.07649040222168,3.430557060252179,-14.590298652648926,-6.272582530975342,8.317715644836426,8.31332778930664,0.7988906180922396,unlabeled,unlabeled,
"{'osm_id': 430755058, 'osm_type': 'yes'}",cuddalore_bld_000095,6,6,100.0,-10.22311274210612,-7.538766225179036,2.6843465169270835,2.0628504753112793,2.133803602110616,-14.585726420084637,-10.478842417399088,4.106882731119792,4.129525184631348,2.9165866656061525,unlabeled,unlabeled,
"{'osm_id': 430755060, 'osm_type': 'yes'}",cuddalore_bld_000096,4,4,100.0,-8.13430118560791,-4.761958599090576,3.372343063354492,3.2299067974090576,0.4451487296732621,-14.884307861328123,-11.318772315979004,3.565535068511963,3.4332313537597656,2.378318738812243,unlabeled,unlabeled,
"{'osm_id': 430755061, 'osm_type': 'yes'}",cuddalore_bld_000097,4,4,100.0,-5.156067848205566,-0.8686715960502625,4.287396430969238,4.255483150482178,0.7259093277679898,-14.275283813476562,-11.963132858276367,2.3121511936187744,1.956167221069336,1.4187841844237925,unlabeled,unlabeled,
"{'osm_id': 430755063, 'osm_type': 'yes'}",cuddalore_bld_000098,4,4,100.0,0.5834496021270752,0.2791056632995605,-0.3043439388275146,-0.4007329940795898,2.4934708798728904,-14.30752658843994,-13.763753890991213,0.543771505355835,-0.0737948417663574,1.9036328771733275,unlabeled,unlabeled,
"{'osm_id': 430755065, 'osm_type': 'yes'}",cuddalore_bld_000099,3,3,100.0,-4.48257573445638,-2.676682790120443,1.805892785390218,2.24707555770874,1.7780526337750202,-10.887865702311196,-11.131805419921877,-0.2439400355021158,0.5767593383789062,1.3974037132292991,unlabeled,unlabeled,
"{'osm_id': 430755067, 'osm_type': 'yes'}",cuddalore_bld_000100,4,4,100.0,-6.858674049377441,-7.55950927734375,-0.7008353471755981,-0.2495794296264648,1.519256425155335,-11.008352279663086,-13.20619010925293,-2.197838306427002,-2.7880983352661133,1.385870327090285,unlabeled,unlabeled,
"{'osm_id': 430755069, 'osm_type': 'yes'}",cuddalore_bld_000101,2,2,100.0,-1.9875798225402832,8.176985740661621,10.164565086364746,10.164565086364746,0.0442485809326171,-12.714452743530272,-12.134235382080078,0.5802164077758789,0.5802164077758789,0.3910198211669922,unlabeled,unlabeled,
"{'osm_id': 430755073, 'osm_type': 'yes'}",cuddalore_bld_000102,6,6,100.0,-7.125674565633138,-4.245435078938802,2.880239168802897,3.216599464416504,2.1763587050776154,-12.64306894938151,-13.42572021484375,-0.7826506296793619,0.3291473388671875,3.1525455525751203,unlabeled,unlabeled,
"{'osm_id': 430755074, 'osm_type': 'yes'}",cuddalore_bld_000103,4,4,100.0,-4.47072696685791,-2.307105541229248,2.163621425628662,2.000145673751831,1.3355248928519847,-14.926458358764648,-11.351444244384766,3.575014591217041,3.578596591949463,1.552948440264986,unlabeled,unlabeled,
"{'osm_id': 430755075, 'osm_type': 'yes'}",cuddalore_bld_000104,4,4,100.0,-7.840653419494629,-6.382118225097656,1.458535075187683,1.6480801105499268,2.1981097668838485,-12.55974578857422,-11.62474250793457,0.9350039958953856,0.4012551307678222,4.061496123332769,unlabeled,unlabeled,
"{'osm_id': 430755076, 'osm_type': 'yes'}",cuddalore_bld_000105,3,3,100.0,-6.001184463500977,-3.986628214518229,2.014556090037028,3.2167534828186035,2.0831467455665935,-11.796746571858725,-10.969175974527994,0.827570915222168,0.8760204315185547,0.952933603519826,unlabeled,unlabeled,
"{'osm_id': 430755077, 'osm_type': 'yes'}",cuddalore_bld_000106,3,3,100.0,0.3217895825703938,-0.8185228506724039,-1.1403122742970784,-2.4648046493530273,3.5806290241377505,-13.403170267740885,-12.779304504394531,0.6238667170206705,1.3740081787109375,1.323174516600473,unlabeled,unlabeled,
"{'osm_id': 430755153, 'osm_type': 'yes'}",cuddalore_bld_000107,5,5,100.0,-6.976016235351563,-3.5259307861328124,3.4500850677490233,4.011048316955566,3.448222422184698,-12.59221954345703,-12.3036376953125,0.2885820388793945,1.1965789794921875,1.8204810661468709,unlabeled,unlabeled,
"{'osm_id': 430755154, 'osm_type': 'yes'}",cuddalore_bld_000108,2,2,100.0,-3.3788442611694336,-0.8116744160652161,2.567169666290283,2.567169666290283,0.1737250089645794,-10.689722061157228,-11.53923225402832,-0.849510669708252,-0.849510669708252,1.029003620147705,unlabeled,unlabeled,
"{'osm_id': 430755155, 'osm_type': 'yes'}",cuddalore_bld_000109,4,4,100.0,4.018924236297607,5.8094305992126465,1.7905066013336182,2.3274729251861572,3.6293584185590326,-16.491331100463867,-15.24285125732422,1.2484791278839111,0.3148727416992187,2.725736815449048,unlabeled,unlabeled,
"{'osm_id': 430755156, 'osm_type': 'yes'}",cuddalore_bld_000110,2,2,100.0,-6.0996246337890625,-4.921907901763916,1.1777164936065674,1.1777164936065674,2.833331823348999,-12.521395683288574,-10.990510940551758,1.5308847427368164,1.5308847427368164,3.1090869903564453,unlabeled,unlabeled,
"{'osm_id': 430755157, 'osm_type': 'yes'}",cuddalore_bld_000111,4,4,100.0,-3.2475011348724365,-5.3437395095825195,-2.096238136291504,-2.124058961868286,0.2018278205922128,-13.88686752319336,-14.412866592407228,-0.5259990692138672,-0.4978108406066894,3.662309136642988,unlabeled,unlabeled,
"{'osm_id': 440855936, 'osm_type': 'school'}",cuddalore_bld_000112,12,12,100.0,-4.392085075378418,-2.432135899861654,1.9599494934082031,2.200483798980713,2.6460926888153105,-13.5242067972819,-12.146348317464192,1.3778581619262695,0.4556856155395508,3.0137504770399457,unlabeled,unlabeled,
"{'osm_id': 440855996, 'osm_type': 'yes'}",cuddalore_bld_000113,7,7,100.0,-1.356156485421317,-4.441439764840262,-3.0852835518973216,-2.2300195693969727,1.7313793308399803,-13.240530831473214,-12.69411141531808,0.5464196886335101,0.605133056640625,1.22029651020078,unlabeled,unlabeled,
"{'osm_id': 440856155, 'osm_type': 'school'}",cuddalore_bld_000114,19,19,100.0,-6.67034229479338,-4.0708361173930925,2.599506980494449,2.4487643241882324,2.8550060924974603,-15.99590421977796,-13.195139834755343,2.800764385022615,2.9673376083374023,2.456201165398482,unlabeled,unlabeled,
"{'osm_id': 440857428, 'osm_type': 'yes'}",cuddalore_bld_000115,17,17,100.0,-9.546781652113973,-4.539232590619256,5.007549510282629,3.4104042053222656,4.167152457212291,-16.6200346105239,-13.29763973460478,3.3223957734949447,3.6153602600097656,2.465149047396471,unlabeled,unlabeled,
"{'osm_id': 440857696, 'osm_type': 'school'}",cuddalore_bld_000116,19,19,100.0,-7.82016312448602,-6.241359911466899,1.578804417660362,1.640338897705078,4.621922460633822,-16.5475785104852,-16.752402857730264,-0.2048257024664627,0.6825962066650391,3.4256392874143087,unlabeled,unlabeled,
"{'osm_id': 473808828, 'osm_type': 'yes'}",cuddalore_bld_000117,17,17,100.0,-5.8929883171530335,-5.033365586224725,0.8596234041101792,0.7701296806335449,1.9775292973527567,-13.998955221737132,-11.994994219611671,2.003960777731503,1.751093864440918,2.4983190501360792,unlabeled,unlabeled,
"{'osm_id': 474802312, 'osm_type': 'yes'}",cuddalore_bld_000118,6,6,100.0,-9.43236287434896,-5.190457026163737,4.241905530293782,4.469167709350586,3.057486526651963,-17.47931416829427,-11.971605936686196,5.507707595825195,8.033535957336426,5.2234076079239795,unlabeled,unlabeled,
"{'osm_id': 474802313, 'osm_type': 'yes'}",cuddalore_bld_000119,10,10,100.0,-2.633932113647461,-0.9287914276123048,1.7051404953002929,0.6740570664405823,3.2164540669046717,-17.472161865234376,-13.31702880859375,4.155131149291992,4.455963134765625,4.283116762878962,unlabeled,unlabeled,
"{'osm_id': 474802325, 'osm_type': 'yes'}",cuddalore_bld_000120,10,10,100.0,-5.81598129272461,-6.4122459411621096,-0.596264123916626,-1.6592364311218262,2.3048842171823374,-13.322158813476562,-11.20209197998047,2.1200672149658204,1.550546169281006,1.3841580069486228,unlabeled,unlabeled,
"{'osm_id': 474802326, 'osm_type': 'yes'}",cuddalore_bld_000121,9,9,100.0,-7.554320441351996,-4.806898328993055,2.747422536214193,4.200712203979492,2.855114739303066,-13.535670810275608,-14.639258490668404,-1.1035889519585504,-2.170736312866211,2.6718149116099945,unlabeled,unlabeled,
"{'osm_id': 474802327, 'osm_type': 'yes'}",cuddalore_bld_000122,9,9,100.0,-8.848246256510416,-6.818578932020399,2.0296673244900174,2.715212821960449,3.6542121415343334,-14.842926025390623,-15.02501932779948,-0.1820946799384223,-0.9794149398803712,3.1318672808176924,unlabeled,unlabeled,
"{'osm_id': 474802328, 'osm_type': 'yes'}",cuddalore_bld_000123,6,6,100.0,-5.932075500488281,-4.549691518147786,1.3823839823404949,1.8775255680084229,1.6231391742632866,-11.047882080078123,-13.286028544108072,-2.2381461461385093,-1.9053559303283691,3.5148682887546627,unlabeled,unlabeled,
"{'osm_id': 474802329, 'osm_type': 'yes'}",cuddalore_bld_000124,9,9,100.0,-5.864519755045573,-1.2087133195665147,4.655806223551433,4.128291130065918,2.966643289540748,-16.34286159939236,-15.321097479926216,1.0217636956108942,0.3812294006347656,1.3347608540889373,unlabeled,unlabeled,
"{'osm_id': 474802330, 'osm_type': 'yes'}",cuddalore_bld_000125,11,11,100.0,-2.988627693869851,-0.5649415362964977,2.423686287619851,1.7615439891815186,2.4305068488455004,-12.130651300603692,-12.230195478959518,-0.0995440916581587,0.8496389389038086,4.536911870504093,unlabeled,unlabeled,
"{'osm_id': 539952294, 'osm_type': 'school'}",cuddalore_bld_000126,49,49,100.0,-4.003370012555804,-0.9223271584024236,3.08104285415338,3.9832916259765625,4.237536814179057,-15.30694206393495,-12.776135503029336,2.530805470992108,2.517141342163086,3.809567907886603,unlabeled,unlabeled,
"{'osm_id': 540337454, 'osm_type': 'school'}",cuddalore_bld_000127,14,14,100.0,-3.9971348898751393,-3.855222157069615,0.1419126646859305,0.5452211499214172,2.852500255451118,-15.05454581124442,-14.57927703857422,0.4752697944641113,0.5346922874450684,2.9386441260004927,unlabeled,unlabeled,
"{'osm_id': 572661268, 'osm_type': 'yes'}",cuddalore_bld_000128,11,11,100.0,-4.842997811057351,-5.481497331099077,-0.638499996878884,-0.1821646690368652,2.4989729158182663,-11.714957497336648,-11.318392666903408,0.3965649171309037,0.5605850219726562,3.218474193058448,unlabeled,unlabeled,
"{'osm_id': 735111705, 'osm_type': 'yes'}",cuddalore_bld_000129,8,8,100.0,-10.452409744262695,-5.0928826332092285,5.359526634216309,5.673903942108154,1.7943352657456475,-15.383630752563477,-12.782421112060549,2.601210117340088,2.424434185028076,1.730665415298696,unlabeled,unlabeled,
"{'osm_id': 740415965, 'osm_type': 'yes'}",cuddalore_bld_000130,4,4,100.0,5.294075965881348,7.106248378753662,1.812173128128052,1.973658800125122,0.3849943328455105,-14.87701416015625,-11.665701866149902,3.211313009262085,2.086355686187744,3.6105570083542378,unlabeled,unlabeled,
"{'osm_id': 740570210, 'osm_type': 'yes'}",cuddalore_bld_000131,2,2,100.0,3.431817054748535,0.6583830714225769,-2.7734339237213135,-2.7734339237213135,1.984582245349885,-10.835906982421877,-8.950032234191895,1.8858747482299805,1.8858747482299805,2.684891700744629,unlabeled,unlabeled,
"{'osm_id': 740756406, 'osm_type': 'yes'}",cuddalore_bld_000132,4,4,100.0,3.541883707046509,4.311698913574219,0.7698155045509338,0.4226522445678711,1.2593308532769296,-14.114273071289062,-14.849977493286133,-0.7357051372528076,-0.561180591583252,2.439550600111896,unlabeled,unlabeled,
"{'osm_id': 740952191, 'osm_type': 'yes'}",cuddalore_bld_000133,6,6,100.0,2.21042267481486,4.721230824788411,2.510807673136393,1.8990869522094729,1.4790909002174808,-11.116432189941406,-11.738274892171225,-0.6218430201212565,-0.0186343193054199,2.084366628336796,unlabeled,unlabeled,
"{'osm_id': 778432816, 'osm_type': 'yes'}",cuddalore_bld_000134,9,9,100.0,-2.448248545328776,2.5194488101535373,4.9676971435546875,5.362202167510986,1.7217750926013686,-15.28799777560764,-12.652601453993055,2.6353948381212025,2.2639665603637695,2.9370764724701113,unlabeled,unlabeled,
"{'osm_id': 778432822, 'osm_type': 'yes'}",cuddalore_bld_000135,14,14,100.0,-0.97650636945452,2.373620986938477,3.3501270839146207,4.504849433898926,3.968879227353743,-16.879371643066406,-12.539050510951451,4.3403216770717075,5.389598369598389,3.5997820864268255,unlabeled,unlabeled,
"{'osm_id': 778432830, 'osm_type': 'yes'}",cuddalore_bld_000136,6,6,100.0,0.9797279834747314,4.121151606241862,3.141423543294271,3.65669322013855,2.178881001027596,-15.941033681233725,-13.81134287516276,2.1296911239624023,2.313593864440918,2.405354609503307,unlabeled,unlabeled,
"{'osm_id': 778432831, 'osm_type': 'yes'}",cuddalore_bld_000137,6,6,100.0,2.0630648930867515,6.000091552734375,3.937026659647623,4.920837879180908,3.351565271856212,-12.659456888834637,-11.85321807861328,0.8062380154927572,0.192692756652832,1.2182247213792052,unlabeled,unlabeled,
"{'osm_id': 778432834, 'osm_type': 'yes'}",cuddalore_bld_000138,7,7,100.0,-7.4693739754813055,-4.655666351318359,2.8137076241629466,1.3769230842590332,3.2534957155744006,-11.912671770368304,-11.639690944126674,0.2729809624808175,0.8976821899414062,2.7649128508138836,unlabeled,unlabeled,
"{'osm_id': 778432848, 'osm_type': 'yes'}",cuddalore_bld_000139,4,4,100.0,4.925502777099609,6.596728324890137,1.6712257862091064,1.707327127456665,0.6892963575413774,-13.296102523803713,-13.13758373260498,0.1585199832916259,0.3356742858886719,0.6843350179560194,unlabeled,unlabeled,
"{'osm_id': 838475000, 'osm_type': 'yes'}",cuddalore_bld_000140,5,5,100.0,-3.0862285614013674,-1.335999393463135,1.750229263305664,2.71024751663208,2.541322902873602,-11.780343627929687,-10.457845306396484,1.32249755859375,1.409926414489746,1.5213157408901958,unlabeled,unlabeled,
"{'osm_id': 838475001, 'osm_type': 'yes'}",cuddalore_bld_000141,4,4,100.0,-2.89302134513855,2.487770318984986,5.380791664123535,6.514707565307617,2.730071099101786,-12.160459518432615,-10.404297828674316,1.756162405014038,0.8958816528320312,1.603184100672424,unlabeled,unlabeled,
"{'osm_id': 838475002, 'osm_type': 'yes'}",cuddalore_bld_000142,7,7,100.0,-5.2263080051967075,-3.4345520564488004,1.7917559487479071,1.0817480087280271,1.2083898624419138,-11.564518519810267,-11.0564945765904,0.5080242156982422,0.2787647247314453,2.027727152008289,unlabeled,unlabeled,
"{'osm_id': 838475003, 'osm_type': 'yes'}",cuddalore_bld_000143,3,3,100.0,-0.9902949333190918,-0.5751651128133138,0.4151297807693481,0.5611774921417236,0.266660574156529,-15.239419301350912,-12.697461446126304,2.54195785522461,2.080238342285156,1.6554548850676445,unlabeled,unlabeled,
"{'osm_id': 838475004, 'osm_type': 'yes'}",cuddalore_bld_000144,4,4,100.0,-0.1588550209999084,4.130434989929199,4.289289474487305,4.648536205291748,1.11473314278188,-10.88886547088623,-7.517416477203369,3.371448516845703,3.399883508682251,1.1318893962310523,unlabeled,unlabeled,
"{'osm_id': 838475005, 'osm_type': 'yes'}",cuddalore_bld_000145,5,5,100.0,-1.9561737060546875,0.4504572868347168,2.406630897521973,1.1225517988204956,2.0820220231560365,-13.737957763671876,-12.180423736572266,1.5575338363647462,2.9161338806152344,2.4333707038022334,unlabeled,unlabeled,
"{'osm_id': 838475006, 'osm_type': 'yes'}",cuddalore_bld_000146,2,2,100.0,-7.07011079788208,-0.6597539186477661,6.4103569984436035,6.4103569984436035,0.7763185501098633,-13.245793342590332,-10.378206253051758,2.867587089538574,2.867587089538574,0.7235050201416016,unlabeled,unlabeled,
"{'osm_id': 838475008, 'osm_type': 'yes'}",cuddalore_bld_000147,4,4,100.0,3.499356746673584,6.261053085327148,2.7616965770721436,2.8551080226898193,1.2804491994260634,-16.71554946899414,-12.570867538452148,4.144681930541992,3.4730663299560547,3.103481313142317,unlabeled,unlabeled,
"{'osm_id': 838475009, 'osm_type': 'yes'}",cuddalore_bld_000148,4,4,100.0,-4.682724952697754,-2.1382665634155273,2.5444583892822266,2.3669958114624023,3.0573674979041647,-15.456844329833984,-10.75973892211914,4.697105407714844,3.962693691253662,2.549493838213035,unlabeled,unlabeled,
"{'osm_id': 838475010, 'osm_type': 'yes'}",cuddalore_bld_000149,4,4,100.0,2.0979652404785156,-1.652126431465149,-3.750091552734375,-3.944759607315063,4.1083274882044325,-13.787327766418455,-14.759005546569824,-0.9716780185699464,-1.7638859748840332,2.888013988809705,unlabeled,unlabeled,
"{'osm_id': 838475012, 'osm_type': 'yes'}",cuddalore_bld_000150,5,5,100.0,-4.969297790527344,-0.1684605956077575,4.800837707519531,5.0804972648620605,0.7154696381285134,-12.399098205566409,-12.717074584960937,-0.317976188659668,-0.3344860076904297,1.0687050739725334,unlabeled,unlabeled,
"{'osm_id': 838475013, 'osm_type': 'yes'}",cuddalore_bld_000151,6,6,100.0,-4.1638228098551435,0.125335564215978,4.289158185323079,3.837378978729248,1.4884452992809452,-14.869196573893229,-11.130631764729818,3.738565444946289,3.867504119873047,2.160226491881645,unlabeled,unlabeled,
"{'osm_id': 838475015, 'osm_type': 'yes'}",cuddalore_bld_000152,6,6,100.0,-6.71072514851888,-7.390979131062825,-0.6802539825439453,-0.8273539543151855,3.0381645754168254,-11.212056477864584,-11.578962961832682,-0.3669064839680989,-0.0843019485473632,2.7729526157912976,unlabeled,unlabeled,
"{'osm_id': 838475016, 'osm_type': 'yes'}",cuddalore_bld_000153,11,11,100.0,2.83315034346147,3.1304747841574927,0.2973246140913529,0.581007719039917,1.6016639890304931,-14.443043101917612,-13.428214333274148,1.0148292021317915,0.653350830078125,1.9963445049979207,unlabeled,unlabeled,
"{'osm_id': 838475017, 'osm_type': 'yes'}",cuddalore_bld_000154,4,4,100.0,4.9863409996032715,5.187994003295898,0.2016529440879821,-0.2794657945632934,1.3052048436039916,-11.488405227661133,-11.664800643920898,-0.1763944625854492,-0.4986562728881836,1.8930710090065583,unlabeled,unlabeled,
"{'osm_id': 838475018, 'osm_type': 'yes'}",cuddalore_bld_000155,8,8,100.0,6.27827787399292,10.53565502166748,4.257378101348877,4.462102890014648,1.4478535081183372,-13.285642623901367,-12.489839553833008,0.7958031892776489,0.832740306854248,1.806580548563702,unlabeled,unlabeled,
"{'osm_id': 838475019, 'osm_type': 'yes'}",cuddalore_bld_000156,8,8,100.0,-5.984121799468994,-2.5995893478393555,3.384532928466797,3.969970703125,2.035065914242695,-14.476996421813965,-11.312807083129885,3.164188861846924,3.682672500610352,1.4668409353601577,unlabeled,unlabeled,
"{'osm_id': 838475020, 'osm_type': 'yes'}",cuddalore_bld_000157,6,6,100.0,0.3470148245493571,3.3903490702311196,3.0433340072631836,3.84804105758667,2.053686757979824,-15.78955332438151,-12.80026626586914,2.9892857869466147,2.7698707580566406,3.087878793636764,unlabeled,unlabeled,
"{'osm_id': 838475021, 'osm_type': 'yes'}",cuddalore_bld_000158,4,4,100.0,-1.7357604503631592,2.044015645980835,3.779776096343994,3.7723617553710938,1.81397645551175,-11.806733131408691,-11.494026184082031,0.312706708908081,0.2084612846374511,1.1531382876613632,unlabeled,unlabeled,
"{'osm_id': 838475027, 'osm_type': 'yes'}",cuddalore_bld_000159,6,6,100.0,3.3771467208862305,6.355026880900065,2.9778804779052734,3.0932466983795166,1.6562620525576262,-12.72442626953125,-12.006118774414062,0.7183076540629069,1.1526103019714355,1.3173891617425717,unlabeled,unlabeled,
"{'osm_id': 838475028, 'osm_type': 'yes'}",cuddalore_bld_000160,6,6,100.0,-7.69850222269694,-4.510948816935222,3.1875534057617188,2.754150390625,3.5877603259800392,-12.381937662760416,-13.644639333089192,-1.2626997629801433,-0.5581316947937012,3.2995105336834265,unlabeled,unlabeled,
"{'osm_id': 838475031, 'osm_type': 'yes'}",cuddalore_bld_000161,4,4,100.0,-3.146926164627075,0.5577840805053711,3.7047104835510254,3.8154830932617183,2.181893002109367,-16.866378784179688,-12.058611869812012,4.807766914367676,3.7905449867248535,3.779716908917302,unlabeled,unlabeled,
"{'osm_id': 838475038, 'osm_type': 'yes'}",cuddalore_bld_000162,6,6,100.0,12.689149220784506,17.422317504882812,4.7331695556640625,4.042425155639648,3.86875645772667,-14.374804178873696,-10.80018107096354,3.5746243794759116,3.733710765838623,3.2990830203886152,unlabeled,unlabeled,
"{'osm_id': 838475041, 'osm_type': 'yes'}",cuddalore_bld_000163,5,5,100.0,1.4251192092895508,3.17590217590332,1.7507827758789063,1.026585578918457,1.1018657993793306,-13.400961303710938,-11.323175048828125,2.0777862548828123,1.817133903503418,2.5351646528911007,unlabeled,unlabeled,
"{'osm_id': 838475042, 'osm_type': 'yes'}",cuddalore_bld_000164,9,9,100.0,2.242908477783203,2.7367411719428167,0.4938326411777072,0.224884033203125,4.52046214416658,-15.95760260687934,-14.057224697536892,1.9003787570529511,1.0023565292358398,3.939027794651677,unlabeled,unlabeled,
"{'osm_id': 838475043, 'osm_type': 'yes'}",cuddalore_bld_000165,5,5,100.0,0.9798140525817872,4.615603256225586,3.6357891082763674,3.588944911956787,1.3626804725210404,-14.527935791015626,-9.96187744140625,4.566059112548828,3.883758544921875,2.63884054244895,unlabeled,unlabeled,
"{'osm_id': 838475044, 'osm_type': 'yes'}",cuddalore_bld_000166,6,6,100.0,8.307857513427734,14.94622039794922,6.638362884521484,5.884682655334473,2.045970224426745,-11.20883814493815,-10.19784418741862,1.0109931627909343,0.7284421920776367,1.610319388994661,unlabeled,unlabeled,
"{'osm_id': 838475047, 'osm_type': 'yes'}",cuddalore_bld_000167,7,7,100.0,-4.192061288016183,-2.1789098467145647,2.0131514413016185,2.319197177886963,1.6978029351981512,-13.238687787737163,-11.580287388392858,1.6584010805402485,1.3855876922607422,2.6495761437722396,unlabeled,unlabeled,
"{'osm_id': 838475049, 'osm_type': 'yes'}",cuddalore_bld_000168,3,3,100.0,5.868235270182292,10.045066833496094,4.176831881205241,3.835185050964355,0.7266795449522839,-11.28029759724935,-9.693341573079428,1.5869563420613606,1.7383689880371094,0.3324564676332164,unlabeled,unlabeled,
"{'osm_id': 838475051, 'osm_type': 'yes'}",cuddalore_bld_000169,6,6,100.0,2.105115254720052,7.641931533813477,5.536816279093425,5.532514572143555,1.1244469336576175,-16.94141133626302,-14.269444783528646,2.671966234842936,3.035691261291504,2.6881213984480667,unlabeled,unlabeled,
"{'osm_id': 838475052, 'osm_type': 'yes'}",cuddalore_bld_000170,9,9,100.0,2.3552881876627603,2.054709964328342,-0.3005783557891845,0.3670617341995239,2.8621555027213135,-15.05772908528646,-14.032442728678385,1.02528805202908,1.0633611679077148,1.6727223181089137,unlabeled,unlabeled,
"{'osm_id': 838475053, 'osm_type': 'yes'}",cuddalore_bld_000171,4,4,100.0,-0.8852013349533081,-0.5007656812667847,0.3844355940818786,-0.2364780306816101,1.8709501308422776,-15.034786224365234,-14.148344039916992,0.8864412307739258,0.7703056335449219,0.7069754286238221,unlabeled,unlabeled,
"{'osm_id': 838475054, 'osm_type': 'yes'}",cuddalore_bld_000172,3,3,100.0,4.425424893697103,10.032508850097656,5.607084274291992,4.086140155792236,2.522233264031607,-14.17088826497396,-14.000282287597656,0.1706066131591797,0.2738418579101562,1.026661709455882,unlabeled,unlabeled,
"{'osm_id': 838475056, 'osm_type': 'yes'}",cuddalore_bld_000173,2,2,100.0,6.242467403411865,13.97658920288086,7.734121799468994,7.734121799468994,0.3610692024230957,-11.59528350830078,-10.477365493774414,1.1179189682006836,1.1179189682006836,2.061309814453125,unlabeled,unlabeled,
"{'osm_id': 838475057, 'osm_type': 'yes'}",cuddalore_bld_000174,6,6,100.0,-1.0494728088378906,-0.74002472559611,0.3094481229782104,0.5995351076126099,2.5497493185809095,-15.000775655110678,-15.137582143147789,-0.1368072827657064,-2.0641865730285645,3.926016041097966,unlabeled,unlabeled,
"{'osm_id': 838475060, 'osm_type': 'yes'}",cuddalore_bld_000175,8,8,100.0,-2.905437469482422,0.2557834982872009,3.1612210273742676,4.026035308837891,3.4270379874616266,-12.801487922668455,-10.360618591308594,2.4408693313598633,2.627380609512329,1.8933511418238715,unlabeled,unlabeled,
"{'osm_id': 838475061, 'osm_type': 'yes'}",cuddalore_bld_000176,8,8,100.0,-3.009671688079834,-3.4307761192321777,-0.421104371547699,0.0227575302124023,2.594867874179213,-13.312825202941896,-12.425677299499512,0.8871479034423828,0.7139377593994141,2.1372664571603965,unlabeled,unlabeled,
"{'osm_id': 838475062, 'osm_type': 'yes'}",cuddalore_bld_000177,6,6,100.0,-1.6736453374226887,0.3809028466542561,2.0545481046040854,2.0941107273101807,1.702069295358826,-13.70920435587565,-11.71246337890625,1.9967419306437175,2.242976665496826,3.226037103004113,unlabeled,unlabeled,
"{'osm_id': 838475063, 'osm_type': 'yes'}",cuddalore_bld_000178,3,3,100.0,-1.6996866861979167,-0.2457346121470133,1.453952153523763,0.4887523651123047,1.759040358187526,-14.167954762776692,-11.54315185546875,2.6248035430908203,2.5378952026367188,1.5133510569902588,unlabeled,unlabeled,
"{'osm_id': 838475064, 'osm_type': 'yes'}",cuddalore_bld_000179,4,4,100.0,-1.947734832763672,1.551891565322876,3.499626398086548,4.035687446594238,1.2313505160879084,-14.481644630432127,-11.570959091186523,2.9106855392456055,2.9345951080322266,2.6997950516341542,unlabeled,unlabeled,
"{'osm_id': 838475065, 'osm_type': 'yes'}",cuddalore_bld_000180,4,4,100.0,-5.439786911010742,-1.0039098262786863,4.435876846313477,5.056750297546387,4.964895882674264,-12.330145835876465,-15.856441497802734,-3.5262959003448486,-3.1842284202575684,1.1000594222172335,unlabeled,unlabeled,
"{'osm_id': 838475066, 'osm_type': 'yes'}",cuddalore_bld_000181,5,5,100.0,-1.1636375427246093,-1.44688024520874,-0.2832427501678466,-0.5464637279510498,1.0759135557781774,-10.1549560546875,-12.63835906982422,-2.483403205871582,-4.479876518249512,3.469649462496605,unlabeled,unlabeled,
"{'osm_id': 838475067, 'osm_type': 'yes'}",cuddalore_bld_000182,6,6,100.0,-4.746312141418457,-3.9805771509806314,0.7657348314921061,1.5640052556991575,1.447022390932191,-12.984280904134115,-13.487836201985678,-0.5035543441772461,-0.1146903038024902,1.6897931728774012,unlabeled,unlabeled,
"{'osm_id': 838475068, 'osm_type': 'yes'}",cuddalore_bld_000183,6,6,100.0,-1.692380428314209,3.409817377726237,5.1021982828776045,5.986464500427246,3.243134953685914,-13.851030985514322,-12.172445933024088,1.6785860061645508,1.9856081008911133,1.2318975473176494,unlabeled,unlabeled,
"{'osm_id': 838475069, 'osm_type': 'yes'}",cuddalore_bld_000184,5,5,100.0,-1.277292823791504,-4.393743896484375,-3.116450881958008,-3.616609096527099,1.0230344955505437,-11.068888854980468,-12.54845733642578,-1.4795679092407226,-0.6450433731079102,1.960443061271052,unlabeled,unlabeled,
"{'osm_id': 838475072, 'osm_type': 'yes'}",cuddalore_bld_000185,7,7,100.0,3.289973667689732,4.454124995640346,1.16415160042899,0.3636379241943359,2.656879530166532,-13.446864536830358,-11.516566685267858,1.930297442844936,3.5943078994750977,4.741384371487991,unlabeled,unlabeled,
"{'osm_id': 1067561600, 'osm_type': 'yes'}",cuddalore_bld_000186,12,12,100.0,-2.991916020711263,0.5927974383036295,3.584713617960612,3.520453453063965,3.540510851942379,-13.41278330485026,-9.16848627726237,4.244296391805013,4.01831579208374,2.0715600954605113,unlabeled,unlabeled,
"{'osm_id': 1067561602, 'osm_type': 'yes'}",cuddalore_bld_000187,16,16,100.0,10.228999137878418,10.252634048461914,0.0236343741416931,1.3607438802719116,5.00624493736496,-10.339597702026367,-13.320060729980469,-2.9804625511169434,-2.631821632385254,2.7756649094059846,unlabeled,unlabeled,
"{'osm_id': 1067561603, 'osm_type': 'yes'}",cuddalore_bld_000188,13,13,100.0,-4.967826256385217,0.8468544299785907,5.8146808330829325,8.230583190917969,4.363018054817237,-16.044092031625603,-13.5821533203125,2.461938711313101,0.8998088836669922,3.875350194638107,unlabeled,unlabeled,
"{'osm_id': 1067561604, 'osm_type': 'yes'}",cuddalore_bld_000189,6,6,100.0,-7.02084477742513,-0.5658251444498698,6.455019632975261,5.976236343383789,2.9077828451965764,-14.166058858235678,-13.585432688395182,0.5806260108947754,0.3816900253295898,1.6944023495820355,unlabeled,unlabeled,
"{'osm_id': 1067561605, 'osm_type': 'yes'}",cuddalore_bld_000190,7,7,100.0,-3.6201697758265903,-2.0362043380737305,1.583965710231236,2.7033135890960693,1.9569024805216308,-16.879520961216517,-12.974312918526786,3.9052064078194753,3.72119140625,2.3252761407388953,unlabeled,unlabeled,
"{'osm_id': 1067561606, 'osm_type': 'yes'}",cuddalore_bld_000191,6,6,100.0,-1.998132546742757,-1.4610567092895508,0.5370758771896362,-0.3557204008102417,2.9249176449433416,-16.016638437906902,-15.277085622151692,0.7395521799723307,0.9127469062805176,3.730882923389566,unlabeled,unlabeled,
"{'osm_id': 1067561607, 'osm_type': 'yes'}",cuddalore_bld_000192,15,15,100.0,-2.1695343017578126,0.0037984207272529,2.1733327229817707,2.2453460693359375,3.392932432481489,-10.787276204427084,-10.841556803385416,-0.0542816162109375,0.2249946594238281,1.9532169306934477,unlabeled,unlabeled,
"{'osm_id': 1067561608, 'osm_type': 'yes'}",cuddalore_bld_000193,11,11,100.0,-8.481924577192826,-5.79810263893821,2.6838221116499468,1.818333625793457,4.064703260596446,-14.69561767578125,-12.107804731889203,2.587812597101385,3.409526824951172,4.185214266600715,unlabeled,unlabeled,
"{'osm_id': 1067561609, 'osm_type': 'yes'}",cuddalore_bld_000194,14,14,100.0,-5.225799560546875,-0.6414358956473214,4.584363119942801,4.905860900878906,2.868902766593301,-12.336675371442524,-10.939352852957589,1.3973208836146764,1.4673171043395996,1.580217164862657,unlabeled,unlabeled,
"{'osm_id': 1067561610, 'osm_type': 'yes'}",cuddalore_bld_000195,14,14,100.0,-5.254573277064732,-5.105957576206753,0.1486153943198067,-0.1511816978454589,1.6030382710821198,-10.43741716657366,-11.720899309430804,-1.2834820066179549,-0.7497982978820801,2.2419458509246786,unlabeled,unlabeled,
"{'osm_id': 1067561611, 'osm_type': 'retail'}",cuddalore_bld_000196,10,10,100.0,-1.7591987609863282,2.1175186157226564,3.876717376708984,5.162646770477295,4.32517859225635,-7.253892517089843,-2.9901147842407227,4.263777160644532,3.915425300598145,4.671562075976969,unlabeled,unlabeled,
"{'osm_id': 1067561619, 'osm_type': 'yes'}",cuddalore_bld_000197,11,11,100.0,-5.2414419000799,1.6811897971413352,6.922631003639915,6.790570259094238,1.6451574711900336,-8.55376503684304,-6.386394153941762,2.167370709505948,3.348062515258789,2.5017534781353485,unlabeled,unlabeled,
"{'osm_id': 1067561620, 'osm_type': 'yes'}",cuddalore_bld_000198,8,8,100.0,-2.7090706825256348,-1.7183964252471924,0.9906741380691528,0.5315364003181458,1.5349268206726712,-13.55375862121582,-11.873258590698242,1.6805003881454468,1.4170398712158203,3.2545597243768163,unlabeled,unlabeled,
"{'osm_id': 1067561621, 'osm_type': 'yes'}",cuddalore_bld_000199,8,8,100.0,-6.213731288909912,-5.67592191696167,0.5378093123435974,0.8501980304718018,1.667069671468241,-15.487525939941406,-12.645553588867188,2.841973066329956,2.9674501419067383,1.7162524853685333,unlabeled,unlabeled,
"{'osm_id': 1067561622, 'osm_type': 'yes'}",cuddalore_bld_000200,5,5,100.0,-5.903728866577149,-5.549634170532227,0.3540949821472168,0.0967721939086914,1.3101988861066802,-12.54372329711914,-11.969263458251952,0.5744596481323242,0.7563161849975586,1.6704527313738584,unlabeled,unlabeled,
"{'osm_id': 1067561630, 'osm_type': 'yes'}",cuddalore_bld_000201,7,7,100.0,-8.723216465541295,-4.596044267926898,4.127172197614398,4.430326461791992,3.6014073836799767,-13.447452000209264,-10.139694213867188,3.3077575138636996,2.667631149291992,1.3706126353955617,unlabeled,unlabeled,
"{'osm_id': 1111488551, 'osm_type': 'yes'}",cuddalore_bld_000202,10,10,100.0,-2.825948715209961,-0.4755359649658203,2.350413131713867,2.653805732727051,2.964521921586594,-13.634164428710935,-11.546261596679688,2.087902069091797,1.234149932861328,5.323007776514852,unlabeled,unlabeled,
"{'osm_id': 1111488552, 'osm_type': 'yes'}",cuddalore_bld_000203,7,7,100.0,-7.063799176897321,-3.852757590157645,3.2110421316964284,3.2069923877716064,1.195563224627556,-17.51721409388951,-14.655602591378347,2.861610412597656,1.2829704284667969,3.5522859768471324,unlabeled,unlabeled,
"{'osm_id': 1111488553, 'osm_type': 'yes'}",cuddalore_bld_000204,6,6,100.0,-4.125616709391276,-1.8013022740681963,2.324313958485922,2.539548873901367,3.467853672483522,-15.56243133544922,-13.356829325358072,2.205601374308268,1.4173312187194824,1.792647624507503,unlabeled,unlabeled,
"{'osm_id': 1111488554, 'osm_type': 'yes'}",cuddalore_bld_000205,6,6,100.0,-5.439200083414714,-3.6157188415527344,1.8234812418619792,2.1128621101379395,3.135166179984402,-14.722237904866535,-13.408580780029297,1.313657283782959,1.3851275444030762,1.1518282737102656,unlabeled,unlabeled,
"{'osm_id': 1111488555, 'osm_type': 'yes'}",cuddalore_bld_000206,4,4,100.0,-10.307669639587402,-3.926408290863037,6.381260871887207,6.203402996063232,1.6112460452177937,-14.108476638793944,-12.63160800933838,1.4768691062927246,1.6368803977966309,1.0592833606556151,unlabeled,unlabeled,
"{'osm_id': 1111488556, 'osm_type': 'yes'}",cuddalore_bld_000207,4,4,100.0,3.5406241416931152,4.919915199279785,1.37929105758667,0.6983349323272705,1.9292502409637349,-16.839115142822266,-14.255744934082031,2.5833685398101807,2.143986701965332,2.0843459382278935,unlabeled,unlabeled,
"{'osm_id': 1111488557, 'osm_type': 'yes'}",cuddalore_bld_000208,6,6,100.0,2.9302679697672525,4.180064519246419,1.2497961521148682,0.8315863609313965,2.1552840655436056,-13.948479970296225,-12.26071802775065,1.687761306762695,1.677021026611328,1.0462802221539045,unlabeled,unlabeled,
"{'osm_id': 1111488558, 'osm_type': 'yes'}",cuddalore_bld_000209,5,5,100.0,-9.360456848144532,-6.545580291748047,2.814876747131348,2.290621280670166,2.329795531749486,-17.454513549804688,-14.415481567382812,3.0390321731567385,1.7370367050170898,2.0362110579840533,unlabeled,unlabeled,
"{'osm_id': 1111488559, 'osm_type': 'yes'}",cuddalore_bld_000210,6,6,100.0,-8.829786936442057,-6.711584091186523,2.1182034810384116,2.421844720840454,1.784884534033056,-18.050591786702473,-14.798009236653646,3.2525831858317056,2.643575668334961,4.1074549191887995,unlabeled,unlabeled,
"{'osm_id': 1111488560, 'osm_type': 'yes'}",cuddalore_bld_000211,24,24,100.0,-6.81808598836263,-3.919561068216959,2.8985255559285483,3.020656108856201,1.7009078095639056,-17.212313334147137,-14.505332946777344,2.706979751586914,2.926997184753418,3.287217110232524,unlabeled,unlabeled,
"{'osm_id': 1111488561, 'osm_type': 'yes'}",cuddalore_bld_000212,8,8,100.0,-5.5382161140441895,-4.930041313171387,0.6081749200820923,0.3212727308273315,1.6603942818460546,-19.563791275024418,-15.54029369354248,4.023497581481934,4.169849395751953,2.4961321482605667,unlabeled,unlabeled,
